:020000040800F2
:10000000D82A00206D020008914F000831480008EE
:10001000B54A0008A52800083D6700080000000058
:10002000000000000000000000000000D5010008F2
:10003000212900080000000019020008615700088B
:10004000870200088702000887020008870200086C
:10005000870200088702000887020008870200085C
:10006000870200088702000887020008870200084C
:10007000870200088702000887020008870200083C
:10008000870200088702000887020008870200082C
:10009000870200088702000887020008870200081C
:1000A000870200088702000887020008870200080C
:1000B00087020008870200088702000887020008FC
:1000C00087020008870200088702000887020008EC
:1000D00087020008196700088702000887020008E5
:1000E00087020008870200088702000800F002F873
:1000F00000F060F80AA090E8000C82448344AAF162
:100100000107DA4501D100F055F8AFF2090EBAE85F
:100110000F0013F0010F18BFFB1A43F0010318473B
:10012000648E0000848E00000A4410F8014B14F025
:100130000F0508BF10F8015B240908BF10F8014B38
:100140006D1E05D010F8013B6D1E01F8013BF9D181
:10015000641E03D0641E01F8015BFBD19142E4D31D
:10016000704700000023002400250026103A28BF15
:1001700078C1FBD8520728BF30C148BF0B60704719
:10018000662908F08A86642900F0FA80752900F053
:10019000F780732900F0D385002070471FB500F069
:1001A000F5FD04000020002108F0F0FAE0601FBD1A
:1001B00010B510BD00F0E6FE1146FFF7EFFF06F0A8
:1001C00033FB00F004FF03B4FFF7F2FF03BC00F0C1
:1001D00005FF0000224B19680868B0E8F00F80F3B3
:1001E0000988BFF36F8F4FF0000080F311884EF045
:1001F0000D0E70470000000006480068006880F39C
:10020000088862B661B6BFF34F8FBFF36F8F00DF10
:1002100000BF00BF08ED00E0EFF30980BFF36F8F70
:100220000F4B1A6820E9F00F106008B54FF050002E
:1002300080F31188BFF34F8FBFF36F8F07F0F0FA91
:100240004FF0000080F31188BDE808401968086885
:10025000B0E8F00F80F30988BFF36F8F704700BFDD
:1002600010000020EFF30580704700000948804728
:1002700009480047FEE7FEE7FEE7FEE7FEE7FEE788
:10028000FEE7FEE7FEE7FEE704480549054A064BA0
:1002900070470000DB570008ED000008D82200205E
:1002A000D82A0020D8260020D826002010B54C10CF
:1002B00084EA530404D54042C1F1000138BF491E0D
:1002C0001B4204D55242C3F1000338BF5B1E00F04D
:1002D00022FA14F0804F04D04042C1F1000138BF2F
:1002E000491E14F0004F04D05242C3F1000338BF3E
:1002F0005B1E10BD0FB47CB50C0009AA009001D0A4
:100300002044401E084B7B4469460190089800F049
:10031000E4FC05461CB10020694600F0F1FC2846CB
:100320007CBC5DF814FB0000010A000070B50C46AF
:100330000546012A05D02878800600D5EA69002301
:1003400002E0012305E05B1C934202D2E05C00283E
:10035000F9D1A869E618C01AA861286A1844286269
:100360002846AFF3008004E0D5E9012114F8010B21
:100370009047B442F8D32846AFF3008070BD000028
:100380002DE9F0410646002410687529314616A56E
:1003900010D0AFF30080002802DA404213A507E036
:1003A00031688A0701D512A502E0490704D511A5D5
:1003B000012401E0AFF3008000210A2206F12407A6
:1003C00009E0B0FBF2FCB0FBF2F302FB1C003030A2
:1003D00078541846491C0028F3D123462A46304653
:1003E000BDE8F04100F00EBA000000002D00000052
:1003F0002B000000200000002DE9F0474FF0000A1C
:1004000089460446C0F820A02046E16888470028B5
:1004100076D0252806D0D4E901219047206A401CD7
:100420002062F1E7E168204600258847C4F81CA057
:1004300006460027C4F818A02A2E09D0304606F038
:10044000C5F938B304EB8708303EC8F8186019E0E6
:1004500059F8041B204604EB87029161E168884744
:10046000012F064618D1E069002820DA25F0200582
:100470001DE0D8F8180000EB800006EB4000303893
:10048000C8F818002046E1688847064606F09EF93D
:100490000028EED1012F0AD02E2E08D12046E16887
:1004A00088477F1C0646022F45F02005C4DBA06963
:1004B000002803DA404245F00105A061E80701D0B9
:1004C00025F01005B6B1A6F14100192802D8203652
:1004D00045F400654A463146204625604D46FFF703
:1004E0004FFE58B1012806D0ED1D25F0070000F1A0
:1004F000080989E704E005F1040985E730468AE741
:10050000206ABDE8F08710B5431C02E010F8011B1B
:1005100071B18107FAD14FF0013202C88C1A8C43B5
:1005200014EAC211F9D0C01A0A0603D0C01E10BDC9
:10053000C01A10BD0A0401D0801E10BD0902FCD0F3
:10054000401E10BD032A40F2308010F0030C00F072
:10055000158011F8013BBCF1020F624498BF11F8FD
:1005600001CB00F8013B38BF11F8013BA2F10402B6
:1005700098BF00F801CB38BF00F8013B11F003032E
:1005800000F02580083AC0F0088051F8043B083A92
:1005900051F804CBA0E80810F5E7121D5CBF51F834
:1005A000043B40F8043BAFF30080D20724BF11F8AE
:1005B000013B11F801CB48BF11F8012B24BF00F813
:1005C000013B00F801CB48BF00F8012B704710B584
:1005D000203AC0F00B80B1E81850203AA0E818503B
:1005E000B1E81850A0E81850BFF4F5AF5FEA027CFC
:1005F00024BFB1E81850A0E8185044BF18C918C06B
:10060000BDE810405FEA827C24BF51F8043B40F80B
:10061000043B08BF7047D20728BF31F8023B48BFF0
:1006200011F8012B28BF20F8023B48BF00F8012B2E
:10063000704702F0FF0343EA032242EA024200F05D
:1006400084BB4FF0000200B513469446964620390D
:1006500022BFA0E80C50A0E80C50B1F12001BFF47B
:10066000F7AF090728BFA0E80C5048BF0CC05DF8E1
:1006700004EB890028BF40F8042B08BF704748BF2F
:1006800020F8022B11F0804F18BF00F8012B7047A3
:100690004FF0013C50F8042B51F8043B9A4221D111
:1006A000A2EB0C03934313EACC1317D150F8042B9D
:1006B00051F8043B9A4215D1A2EB0C03934313EA81
:1006C000CC130BD150F8042B51F8043B9A4209D1BA
:1006D000A2EB0C03934313EACC13DBD04FF00000E2
:1006E000704700BFD01A01BAB1FA81F101F01801C8
:1006F00022FA01F0CB40C1F12001DBB2C0B2C01A36
:100700002CFA01F3D11A914311EAC311E6D17047D3
:1007100070477047704753EA020C00F069802DE97A
:10072000F04B4FF00006002B1FBFB3FA83F503FA1E
:1007300005F424FA05F65E4012BF1643B2FA82F5BC
:1007400002FA05F4C5F120051EBF22FA05FC44EAB1
:100750000C04203556EA044C4FEA144418BF641CBC
:100760004FF000084FF00009904271EB030C39D3B1
:10077000002919BFB1FA81F701FA07F6B0FA80F73C
:1007800000FA07F6C7F120071EBF20FA07FC46EA69
:100790000C062037B6FBF4FCA7EB0507103F07F06B
:1007A0001F0BCBF120060CFA0BFB2CFA06F644BF0C
:1007B000B3460026202FA4BF5E464FF0000B5BEA35
:1007C000060C08BF4FF0010B19EB0B09ABFB027CC9
:1007D00048EB0608C01B06FB02CC0BFB03CC71EBFD
:1007E0000C01C1E70B46024641464846BDE8F08B86
:1007F00013B54FF000004FF00001AFF30080BDE8EB
:100800001C4070472DE9F0470D4699469246044634
:1008100000F124080168880604D5E06921F0100180
:10082000216000E00120A84201DD471B00E0002715
:10083000A1697A1902EB0900081AA0612078C006A4
:1008400002D42046AFF30080002608E0D4E901215D
:100850001AF806009047206A401C761C20624E451C
:10086000F4DB2078C0060AD52046AFF3008006E00E
:10087000D4E9012130209047206A401C2062381EB4
:10088000A7F10107F4DC07E0D4E9012118F805001D
:100890009047206A401C2062281EA5F10105F3DC68
:1008A0002046AFF300802078000602D50220BDE884
:1008B000F0870120FBE770472DE9FF4F0C461E46ED
:1008C0004FF0FF378BB0D2E90001DDF860800A906D
:1008D0008A46C1F30A5505B93D46002108464FF046
:1008E0000000BAF1000F00F4400005DA00EB8000D0
:1008F0004FF4400101EA50004FEA9059B9F1010F5D
:1009000000DDB9460A9850EA4A000ED044F610506D
:10091000A5F2FF3545432F14B8F1000F1ED07542E4
:10092000291E1EDDC9F100021CE0B8F1010F4FF0D5
:10093000000001D0302103E0F24305E02154401CC7
:10094000B042FBDB30460022002121540B99C1F854
:100950000880C1E900200FB0BDE8F08FBD1B6D1C01
:10096000DEE74A4600DA694206A800F099FA06ABCB
:1009700093E8070003AB83E8070050460A9900F0AC
:1009800034FB8DE80700A0F500501F380090039855
:10099000002D09DD42F21F014A46084403A90390D5
:1009A000684600F093FD08E0A0F500504A461F3865
:1009B00003A90390684600F09DFD8DE80700000440
:1009C000000C03D04FF0FF30410800E01046B8F1B2
:1009D000000F03D00022009215461EE0751E05D4BC
:1009E00000F0D8F9303262556D1EF9D5B3460122B8
:1009F000084302D000227F1C04E02078302801D177
:100A000000227F1E002A099786D01DE0112D07DAEB
:100A100000F0C0F9303262556D1C50EA0102F5D188
:100A2000084302D00098C8B10EE00021681E05E01E
:100A3000235C625C63542254401E491C8142F7DBF4
:100A4000AB46A81B401E0990002004F80B000B9831
:100A5000099AC0F80880C0E9002B7CE711264FF006
:100A6000000859E72DE9F04F88460446D21D22F0D0
:100A7000070191B0D1E90001CDE90A0105F076FE48
:100A800002460B98C00F01D02D2007E02068810797
:100A900001D52B2002E0202101EAC000032A0990A1
:100AA00001D0072A05DB03464146204600F0B8F98D
:100AB0000BE12078800601D5E06900E00620B8F15E
:100AC000650F814606D0B8F1660F18D0B8F1670FF0
:100AD00070D131E00020B9F1110F009001DB11233A
:100AE00001E009F101030AAA01A90CA8FFF7E4FE3D
:100AF000DDE90C70002609F10105834647E001207D
:100B00004B4600904FF000470AAA01A90CA8FFF736
:100B1000D3FEDDE90DB00C995D46002610B909F150
:100B200001000D18B9EB050003D4C0F1FF3609F13F
:100B30000105A5EB09002BE0B9F1010F01DA4FF037
:100B400001090020B9F1110F0090484601DD112381
:100B500000E003460AAA01A90CA8FFF7ADFEDDE9F3
:100B60000C704D4600268346207800070AD4AB451A
:100B700000DA5D4601A8012D04DD411911F8011CC0
:100B8000302907D04F4502DA17F1040F04DA0120AB
:100B900082460FE06D1EEEE7002F02DCED1B3E44A7
:100BA00003E0781CA84200DD7D1CB81B00F1010A9F
:100BB0004FF000472078000703D4AA4501DB4FF02F
:100BC000FF3A0021B7F1004F0DF143088DF84310B3
:100BD00024D002202B23002F01DA7F422D230A216B
:100BE000021EA0F1010000DC5FB197FBF1FC97FB56
:100BF000F1F201FB1C7C17460CF1300C08F801CD1A
:100C0000EEE7A8F1010003702188090501D545210F
:100C100000E06521A0F1010800F8011C09980FA966
:100C2000A1EB0807FF1D00B10120411901EBEA709B
:100C3000A1693844081A401EA0612078C00602D479
:100C40002046AFF30080099828B1D4E901219047EC
:100C5000206A401C20622078C00622D52046AFF3CF
:100C600000801EE0002E04DBB34502DD01A8805D9C
:100C700000E03020D4E901219047206A401C206226
:100C8000761CAAF101005FEA000A0AD100F07EF8A2
:100C9000C0680168405CD4E901219047206A401C8B
:100CA0002062281EA5F10105DCDC07E0D4E9012162
:100CB00018F8010B9047206A401C2062381EA7F1EB
:100CC0000107F3DC2046AFF30080032011B043E6B8
:100CD00001694A1C02610878704700B58FB0CDE900
:100CE00001310021059105497944CDE903101146F0
:100CF0006846FFF781FB0FB000BD0000E5FFFFFF76
:100D00000A6802F8010B0A607047D1E900239A4291
:100D100002D2531C0B601070704710B5436913B1B9
:100D2000AFF3008001E0FFF701FB012010BD127856
:100D300000F124010A7000224A700122EDE71168D7
:100D40004FF0FF32E9E74FF000020429C0F01280B3
:100D500010F0030C3FF477ACCCF1040CBCF1020FA3
:100D600018BF00F8012BA8BF20F8022BA1EB0C0143
:100D7000FFF769BC5FEAC17C24BF00F8012B00F8D3
:100D8000012B48BF00F8012B704700000048704756
:100D90009822002030B5B0F10A024FEA900E71F1AE
:100DA00000034EEA817EB0EB0E0061EB91014FEA49
:100DB000101E4EEA017E10EB0E0041EB11114FEABE
:100DC000102E4EEA016E10EB0E0041EB11214FEA9E
:100DD000104E4EEA014E10EB0E0041EB114140184F
:100DE00041F100014FEAD00040EA41704FEAD101E1
:100DF00010EB80054FEA810444EA907444EB01044F
:100E00006D1944EB0404521BA3414FF0000348BF8B
:100E10000A3200D530BD401C41F1000130BD000058
:100E20002DE9F0411F46044603260168072A01F414
:100E3000006004DB08B116A505E016A503E008B1C3
:100E400015A500E015A521F010002060A069C01EC6
:100E5000A0610FB1401EA0612046AFF300804FB1EA
:100E6000D4E9012138469047206A401C2062C01C0A
:100E7000206206E0206AFAE7D4E9012115F8010BA7
:100E80009047761EF8D22046AFF30080BDE8F0818F
:100E90004E414E006E616E00494E4600696E66001E
:100EA0002DE9F047814616468AB0334878440DC88C
:100EB0008DE80D0030487844801C03AC0DC884E8F0
:100EC0000D0041F69B300844372190FBF1F290FB76
:100ED000F1F5A5F1800501FB12041B3C02D564422B
:100EE000012000E00020DFF890A080460027FA44AF
:100EF000AAF1BE0A0DE0E00709D03246684607EBCA
:100F000047010AEB810100F0F5FA8DE80700641053
:100F10007F1C002CEFD1184F7F44AC3F18E0E8074E
:100F200014D007EB04100DF1180A90E80E008AE8BF
:100F30000E00C068F04201D198190890324606A907
:100F400003A800F0D7FA03AB83E807006D10641C18
:100F5000002DE4D132466946B8F1000F03A802D053
:100F600000F0B4FA01E000F0C5FAC9E90001C9F8DF
:100F700008200AB0BDE8F087BC8000000048704738
:100F8000782200207546FFF7F9FFAE460500694656
:100F9000534620F00700854618B020B5FFF774F9D6
:100FA000BDE820404FF000064FF000074FF000086A
:100FB0004FF0000B21F00701AC46ACE8C009ACE8EB
:100FC000C009ACE8C009ACE8C0098D4670470446CA
:100FD000AFF300802046FFF7F6F800000149182023
:100FE000ABBEFEE72600020070475FEA400C08BF78
:100FF00091F0000F4FEA8C234FEAC12243EA51518E
:101000004FEA1C5018BF00F5F0404FEA300018BFFF
:1010100041F000415FEA6C5C00F02980BCF1FF3FC9
:1010200008BF40F080407047130C06BF12044FF019
:10103000100C4FF0000C130E04BF12020CF1080C40
:10104000130F04BF12010CF1040C930F04BF9200A4
:101050000CF1020CD30F04BF52000CF1010C11462D
:101060004FF00002A0F11F00A0EB0C00704711F040
:10107000004F08BF704731F000413FF4D5AF0B0C73
:1010800006BF09044FF0100C4FF0000C0B0E04BF0C
:1010900009020CF1080C0B0F04BF09010CF1040C40
:1010A0008B0F04BF89000CF1020CCB0F04BF490069
:1010B0000CF1010CCCF12003A0EB0C0022FA03F39D
:1010C00002FA0CF241EA030100F10100704720F03E
:1010D0007F4C80EA030023F07F47ACEB070303F566
:1010E0007C5300F0004003F1FF032DE980494FEAF3
:1010F000154B09B44FEA144325EA0B4E24EA034882
:101100000FF2042606EB132749083E785FEA320205
:1011100003FB0667C7F5000707FB06F64FEA5437DF
:101120004FEAD64606F1020607FB066CCCF1005CDE
:101130004FEA1C472CEA074C07FB06F40CFB06F5AC
:1011400004EB15464FEA961634BF00204FF00040DE
:101150004FEAD13706FB07FC4FEA1C4C0CFB0BF7A0
:10116000D21B03FB0CF761EB07010CFB0EF7B0EB96
:10117000074072EB17420CFB08F734BFA2EB0742A3
:10118000B2EB074261EB17414FEA0C444FEA91077B
:1011900006FB07FC4FEA1C4C0CFB0BF7B0EBC740FF
:1011A00072EB573203FB0CF734BFA2EBC742B2EB32
:1011B000C74261EB57310CFB0EF7B0EBC70072EB87
:1011C00057720CFB08F734BFA2EBC702B2EBC702A1
:1011D00061EB5771039F4FEA816141EA921104EB81
:1011E000CC044FEAD1374FEA826206FB07FC42EAA1
:1011F00090124FEA80604FEA1C4C0CFB0BF7D21B9D
:1012000003FB0CF761EB07010CFB0EF7B0EB07409B
:1012100072EB17420CFB08F734BFA2EB0742B2EBAC
:10122000074261EB17414FEA8C554FEA910704EBF7
:101230009C2406FB07FC4FEA1C4C0CFB0BF7B0EBA5
:10124000C74072EB573203FB0CF734BFA2EBC74227
:10125000B2EBC74261EB57310CFB0EF7B0EBC700A6
:1012600072EB57720CFB08F734BFA2EBC702B2EB6C
:10127000C70261EB577115EB4C254FEA816141EADA
:1012800092114FEA82624FEAD13742EA901206FB8E
:1012900007FC44F100044FEA80604FEA1C4C0CFB51
:1012A0000BF7D21B03FB0CF761EB07010CFB0EF7EE
:1012B000B0EB074072EB17420CFB08F734BFA2EB10
:1012C0000742B2EB074261EB174115EB1C154FEAE1
:1012D000813141EA92414FEA823242EA90424FEA3A
:1012E00080304FEA0C7644F1000448EA03434EEAAA
:1012F0000B484FF0000EB2EB080C71EB030724BF54
:10130000624639464EEB0E0E4FF0000B001852416C
:1013100049414BEB0B0BB2EB080C71EB03077BF174
:10132000000B24BF624639464EEB0E0E4FF0000B09
:101330000018524149414BEB0B0BB2EB080C71EB1F
:1013400003077BF1000B24BF624639464EEB0E0EBD
:1013500051EA020718BF46F0010616EB0E7655F16A
:10136000000254F1000103D5BDE88901BDE8008801
:10137000BDE88901BDE80048B619524141EB0101C1
:10138000A3F10103704780807F7E7D7C7B7A797832
:10139000777676757473727171706F6E6E6D6C6C3A
:1013A0006B6A6A69686867666665646463636261DC
:1013B0006160605F5F5E5E5D5D5C5C5B5B5A5A595D
:1013C00059585857575656555555545453535252C9
:1013D0005251515050504F4F4F4E4E4D4D4D4C4C21
:1013E0004C4B4B4B4A4A4A4949494848484747476A
:1013F00047464646454545444444444343434342A7
:10140000424242414141002B26D4770021D01CB5F5
:101410004FEA370703B44FF010004FF010014FF0C0
:1014200000000FBCBDE810400BF1010BBBF1010F38
:1014300008BF5FEA170722BF12F1010211F1010193
:101440004FF0004143F1000300F0004043EA000088
:101450007047F9D35708DAE746EA064613F1400F1A
:101460004FEA16461FDD13F1200FDFBF16430A4671
:10147000002120335B42C8D0C3F1200746EA06466C
:1014800002FA07F74FEA164646EA0706C3F12007B5
:1014900022FA03F201FA07F721FA03F14FF00003F1
:1014A00042EA0702B1E746EA020646EA06464FEA82
:1014B000164646EA0106BCBF46EA0646360C4FF021
:1014C00000034FF000024FF000019EE72DE9C048F5
:1014D000934630B491E8380007C831EA400C48BF61
:1014E00034EA430C03D5FFF7F2FDFFF78CFFF0BCA5
:1014F000BDE800882DE9C048934630B491E8380033
:1015000007C810F0804F08BF13F0804F03D100F0E0
:1015100005F8FFF778FFF0BCBDE8008820F07F47B2
:1015200080EA030023F07F4C07EB0C03A3F57C5308
:1015300000F00040A3F1FE0392F0000F00F0B38032
:1015400095F0000F00F077802DE901494FEA114036
:101550004FEA144621EA004800FB06FC24EA06474D
:1015600008FB06F607FB08F800FB07F718EB064830
:101570004CEB164C4FEA124B18EB07484FEA154656
:101580004CEB174022EA0B4E0BFB06FC25EA064704
:101590000EFB06F607FB0EFE0BFB07F71EEB064ED7
:1015A0004CEB164C4FF000061EEB074E4CEB174B66
:1015B00018EB0B0840F1000018EB0E0B58EB00087D
:1015C00040F100008F1A4FF000013CBFC943661B79
:1015D00014BFB5EB040C00213CBFC943F61B4FEA16
:1015E00017444EEA8E0E27EA04454FEA1C4704FBD7
:1015F00007622CEA074C05FB07F70CFB05F604FB1A
:101600000CFC16EB074642EB174216EB0C4642EB7E
:101610001C421BEB060658EB0202414146EA9E06BD
:1016200001D5BDE80189B619524141EB0101A3F191
:101630000103BDE801894FEA14454FEA114724EA46
:10164000054621EA074C05FB07F406FB07F70CFBF0
:1016500006F105FB0CFC11EB074144EB17444FEA84
:10166000124711EB0C4144EB1C4422EA074C05FBEA
:1016700007F206FB07F70CFB06F605FB0CFC16EB66
:10168000074642EB174216EB0C4642EB1C456A1824
:1016900054F1000148BF7047B619524141EB0101B6
:1016A000A3F10103704795F0000F37D04FEA1142C4
:1016B0004FEA144721EA024624EA074C02FB07F1ED
:1016C00006FB07F70CFB06F402FB0CFC14EB0744CB
:1016D00041EB17414FEA154714EB0C4441EB1C4119
:1016E00025EA074C02FB07F506FB07F70CFB06F69D
:1016F00002FB0CFC16EB074645EB174516EB0C46B8
:1017000045EB1C42121951F1000148BF7047B61950
:10171000524141EB0101A3F1010370474FEA144527
:101720004FEA114724EA054621EA074C05FB07F179
:1017300006FB07F70CFB06F24FF0000605FB0CFC5E
:1017400012EB074241EB174112EB0C4251EB1C41EB
:1017500048BF7047921841EB0101A3F101037047A4
:1017600038B500200090052005F037F8684600F0F5
:10177000F1F808B9022038BD002410E09DF80000FF
:1017800000F033F800B10CE00A2005F026F86846B6
:1017900000F0E0F808B90220EDE7601CC4B20A2CA2
:1017A000ECDB00BF9DF8000000F01BF8B8B9002288
:1017B0001146BA2000F0DAF808B90520DBE714205A
:1017C00005F00BF8684600F0C5F808B90220D2E72A
:1017D0009DF8000000F005F808B90420CBE70020D0
:1017E000C9E70146C1F3C00070470146012020EA65
:1017F000D11070472DE9F05F04460D46164660781B
:101800000003A17840EA0110E17840EA1117E0787E
:101810000007000B217940EA0120617940EA0108C4
:10182000384607F07FF982461A4907F0C3F9814626
:101830004FF0934107F060F83060404607F072F9CE
:101840008346154907F0B6F982464FF0934107F0F9
:1018500053F88146114907F0ABFA2860104928680F
:1018600007F074F904D30F49286807F06FFA02D221
:101870000020BDE8F09F0021306807F067F904D32D
:101880000449306807F062FA01D20020F1E7012034
:10189000EFE700000000C842000048430000484253
:1018A000000020C20000AA427FB504460D46002079
:1018B0000290039020A0006801900020009004B1E5
:1018C00015B9062004B070BD022201A9AC2000F0B9
:1018D0004DF808B90520F5E7502004F07EFF0026FA
:1018E00010E0684600F036F808B90220EAE79DF8F3
:1018F0000000FFF77AFF00B106E00A2004F06DFF58
:10190000701CC6B20A2EECDB00BF9DF80000FFF78A
:101910006CFF08B90320D5E702A800F00FF808B95A
:101920000120CFE72A46214602A8FFF763FF08B946
:101930000620C7E70020C5E73300000010B50446C5
:101940000CB9002010BD062322467121382003F077
:1019500035FBF7E710B504460CB9002010BD012394
:1019600022467121382003F029FBF7E7F8B5054638
:101970000E461446601CC7B2022C01DD0020F8BDE3
:101980008DF80050002004E0325C411C0DF801206D
:10199000C8B2A042F8DB3A466946382003F056FB4D
:1019A000EDE700002DE9F14F84B074488069C1175C
:1019B0004FF4FA32841A61F10005A4FB041005FB10
:1019C000040004FB05036D48B0F91000C217A1FB29
:1019D000008A03FB00A001FB02096848B0F90E0071
:1019E000C117A0FB042301FB043100FB05104004D8
:1019F00040EAD230510411EB080840EB09095F4876
:101A0000B0F90C0018F1000849EBC009A4FB041060
:101A100005FB040004FB05025848B0F90A004FEA30
:101A2000E07CA1FB003A02FB00A001FB0C014FEAA5
:101A3000132040EA01604FEA21225049B1F9081011
:101A40004FEAE173A446A1FB0CBE03FB04E301FBD8
:101A500005314FEA013141EA1B514FEA0B3384460D
:101A60001CEB030442EB0105231C45F500404349F0
:101A7000C9880022A3FB01AC00FB01C003FB0201EB
:101A80004C10CD17002184EA01006940084302D1BF
:101A900005B0BDE8F08F0498C0F58016F717F80779
:101AA00040EA5600F107B1EB080160EB0900CDE90F
:101AB0000210334B334ADDE90201181A8A4107DB71
:101AC0005B42304AD243DDE90210C91A904101DA83
:101AD0000020DDE740F635434FF0000CDDE9020160
:101AE000A0FB032A01FB03A100FB0C10CDE90020A1
:101AF00022462B46DDE90001FEF7D8FB06460F46DD
:101B00001E48B0F916104FEAE17C700B40EAC7405E
:101B10007B13A1FB002A0CFB00A001FB0301700B4F
:101B200040EAC74C7B13A2FB0C0A01FB0CA102FB91
:101B30000311400E40EAC1144D161048B0F91400CC
:101B4000C117A0FB062301FB063100FB0710D10CD7
:101B500041EA40384FEAE049311947EB050011EB03
:101B6000080140EB0900020642EA11200349B1F9DD
:101B700012100901461830468AE70000601F002055
:101B800078B471C45A7C0A0010B50146C8100F4CD5
:101B90002488A0EB44000D4CB4F902406043C2120B
:101BA0000A480088C0EB211040430013074CB4F9E9
:101BB000044060438313D018044CA0612046806920
:101BC00000EB80008030001210BD0000601F00207C
:101BD0007CB500200190002500262C4908700122C8
:101BE00001A9D02000F09CF908B901207CBD9DF826
:101BF0000400582801D00220F8E7002409E000F092
:101C000003F908B1012606E00A2004F0E6FD601C95
:101C1000C4B2032CF3DB00BF0EB90320E6E7B62104
:101C2000E02000F088F908B90420DFE7322004F052
:101C3000D4FD2C252946F52000F07DF908B90520B2
:101C4000D4E70A2004F0C9FDB32011490870084602
:101C50000178F42000F06FF908B90520C6E70A20E2
:101C600004F0BBFD0020009001226946F42000F042
:101C700057F99DF8000006490978884201D00520EF
:101C8000B4E70120014908700020AFE7D40000202C
:101C9000D50000200246B2F5000F01D101207047A7
:101CA0000878802807D1487828B9887800F0F000B3
:101CB00008B90120F3E70020F1E700002DE9FE4F0D
:101CC00004460D460020019002900026002782461F
:101CD0008046009004B115B90720BDE8FE8F424848
:101CE000007808B90720F8E740480178F42000F0B0
:101CF00022F908B90520F0E74FF0000916E00020AE
:101D0000009001226946F32000F00AF908B9062084
:101D1000E3E79DF8000000F0080000B909E00520A5
:101D200004F05BFD09F1010000F0FF09B9F1640F57
:101D3000E5DB00BF062201A9F72000F0F1F808B9A1
:101D40000720CAE79DF8040000039DF8051040EA4B
:101D500001109DF8061040EA21169DF807000003C7
:101D60009DF8081040EA01109DF8091040EA21177B
:101D700001A93046FFF78EFF28B90DF1070138465B
:101D8000FFF788FF08B10920A7E71948874202DB5F
:101D90001848874201DD09209FE71748864202DB89
:101DA0001648864201DD092097E73846FFF7ECFE2A
:101DB0008246504606F09EFE8146114906F09CFD83
:101DC00028603046FFF7EEFD8046B8F1000F01D1E4
:101DD000082082E7404606F0A5FE8146094906F044
:101DE0008BFD2060002078E7D4000020D500002083
:101DF000801A0600C0270900E0930400E0C8100024
:101E00000000C8420000C84600B58DB0182107A8E0
:101E1000FEF717FC182207A9882000F081F810B9F6
:101E200000200DB000BD9DF81C009DF81D1040EA7B
:101E30000120ADF800009DF81E009DF81F1040EA3B
:101E4000012000B2ADF802009DF820009DF821109D
:101E500040EA012000B2ADF804009DF822009DF890
:101E6000231040EA0120ADF806009DF824009DF8FB
:101E7000251040EA012000B2ADF808009DF82600C8
:101E80009DF8271040EA012000B2ADF80A009DF845
:101E900028009DF8291040EA012000B2ADF80C009E
:101EA0009DF82A009DF82B1040EA012000B2ADF801
:101EB0000E009DF82C009DF82D1040EA012000B284
:101EC000ADF810009DF82E009DF82F1040EA01207B
:101ED00000B2ADF812009DF830009DF8311040EAD4
:101EE000012000B2ADF814009DF832009DF83310C7
:101EF00040EA012000B2ADF8160000200690BDF8BF
:101F0000000010B1BDF8060008B9002089E71C22C6
:101F100069460248FEF75BFB012082E7601F002054
:101F200070B504460D4616462B46324621467720AC
:101F300003F068F870BD13B5044601AB01222146D9
:101F4000772003F0A9F81CBD00B585B000200190F2
:101F500002900390049000BF1048806940F0100088
:101F60000E4988610846806900F01000009000BFAB
:101F700000BF4FF400500190012002900020039018
:101F80000220049001A9064801F02AFA0122510317
:101F9000034801F0BDFB05B000BD00000010024089
:101FA0000010014010B501225103024801F0B0FBBE
:101FB00010BD00000010014010B500224FF4005188
:101FC000014801F0A5FB10BD0010014000B58DB027
:101FD000002009900A900B900C901C2102A8FEF79B
:101FE00030FB00BF2B48C06940F002002949C8619E
:101FF0000846C06900F00200019000BF00BF00BFAA
:102000000846806940F0040088610846806900F055
:102010000400019000BF00BFC020099002200A9078
:1020200000200B9002200C9009A91B4801F0D8F960
:102030001A481B4908604720486000211848816001
:1020400044F61F61C1600021016102F063F808B12C
:1020500001F018F96020029000200390049006908F
:10206000002202A90E4801F0D3FF08B101F00AF9DD
:10207000042202A90A4801F0CBFF08B101F002F9DD
:102080000021074802F07AF80421054802F076F8AA
:102090000DB000BD001002400008014000040040E7
:1020A000181F002030B502460B46B42B00D9B423CC
:1020B0004FF4FA645C43B425B4FBF5F404F5FA7408
:1020C000A0B2012A01D1002104E0022A01D1042199
:1020D00000E030BD19B90A4C246860630EE00429A1
:1020E00003D1074C2468A06308E0082903D1044CFD
:1020F0002468E06302E0024C2468206400BFE8E743
:10210000181F00200246B1F5FA7F01D24FF4FA7190
:1021100040F6C413994200D91946012A01D1002082
:1021200004E0022A01D1042000E0704718B90A4BEC
:102130001B6859630EE0042803D1074B1B689963A1
:1021400008E0082803D1044B1B68D96302E0024B66
:102150001B68196400BFE8E7181F00201FB50020A6
:1021600000900190029003904FF4007000900220C4
:10217000019000200290032003906946264801F058
:102180002FF94FF480600090002001900120029010
:102190006946214801F024F92048214908604FF49C
:1021A000E130486000211E488160C16001610C215E
:1021B000416100218161C16102F02EFA08B101F094
:1021C00061F800220521252001F060FB252001F0A7
:1021D0004DFB13480068C06840F0100010490968C2
:1021E000C86000200F4908800F4908800F49087017
:1021F0000F49087000F020FB60B90E480068401CD1
:102200000C4908604FF4AB720BA1022000F0FEFFF6
:1022100001F038F81FBD00000008014000380140FF
:10222000881C002080000020820000208400002004
:1022300085000020880000202E2E5C4273705C53C5
:1022400072635C756172742E630000002DE9F041C9
:1022500004460D46164600278CB185B10120094978
:10226000087033462A462146074802F081FA08B929
:10227000012000E00020074600200249087038468F
:10228000BDE8F081B4000020881C002070B5044631
:102290004CB12046FEF737F985B264232A46214621
:1022A000014802F065FA70BDD01C00201FB5002067
:1022B0000090019002900390042000900220019071
:1022C000002002900320039069460C4801F088F832
:1022D0000B480C4908604FF4E13048600021094880
:1022E0008160C16001610C21416100218161C16196
:1022F00002F092F908B100F0C5FF1FBD00080140CF
:1023000000440040D01C0020F8B5054600240026FB
:10231000002705B9F8BD6C6C3CB90020364908604F
:102320003649086036490860F4E704F0080030B127
:1023300034480068401C334908600126012704F036
:102340000600D0B104F0040020B12F480068401C02
:102350002D49086004F0020020B12C480068401CA0
:102360002A49086025480068401C24490860012665
:1023700008460068032800D3012704F0010078B163
:1023800023480068401C224908601D480068401C22
:102390001B490860012608460068052800D301276C
:1023A0001EB9002014490860B4E71A480068401CB0
:1023B0001849086010480068401C0F49086000BFB9
:1023C000002000902868006800902868406800900D
:1023D00000BF00BF1FB9084600680A2801D300F0FB
:1023E000E3F900F017FA20B9EC220BA1022000F06B
:1023F0000DFF00BF8EE70000A0000020AC00002011
:10240000B0000020900000209400002098000020E0
:102410009C000020880000202E2E5C4273705C53CC
:1024200072635C756172742E6300000038B5002021
:102430000090002400252B48008800B938BD2A48A8
:10244000007838B129480068401C2849086000F02D
:10245000ABF9F3E726480468264805682448056078
:10246000244804601F4800882349088000201D4933
:10247000088001201C4908702048007880B120485D
:102480000068401C1E4908600846006805280AD3F9
:1024900000201A4908701B4908601949086002E0C9
:1024A000002017490860684600F09AF9B8B9012081
:1024B000154908709DF80000022810D001F02EF98F
:1024C00012490968401AB0F57A7F08D301F026F95D
:1024D0000E49086097220EA1022000F097FE00BF6F
:1024E000ACE7000080000020840000208C00002069
:1024F000780000207C00002082000020CC0000201A
:10250000D0000020C800002085000020C40000206A
:102510002E2E5C4273705C5372635C756172742E14
:102520006300000008B572B62248007808B322485C
:102530000068401C2049086062B61F480068642893
:1025400016D31E480068401C1C49086000BF0020CC
:1025500000901B48006800680090194800684068B7
:10256000009000BF00BF00F01FF900201249086072
:1025700008BD01200F49087062B6114801F0DAFE6B
:102580000F4800680068C0F3001070B100BF002061
:1025900000900B4800680068009009480068406897
:1025A000009000BF00BFFFF741FF00200149087005
:1025B00000BFDDE7A8000020A40000208800002064
:1025C000881C002008B500BF1548806940F4804091
:1025D000134988610846806900F48040009000BF7C
:1025E00000BF00BF0846C06940F40030C86108461B
:1025F000C06900F40030009000BF00BF00BF084673
:10260000806940F0040088610846806900F0040099
:10261000009000BF00BFFFF7A1FDFFF747FE08BD18
:102620000010024010B500F03BF80148007810BDE2
:10263000840000202DE9F04106460C4600270025C5
:1026400000F02EF81EB114B1B4F5807F02D900203D
:10265000BDE8F08172B60F48007830B10E480788A7
:1026600000200D4908800B49087062B687B1A74267
:1026700001DA384600E020460546B5F5807F01D9ED
:102680004FF480752A46054801683046FDF75AFF29
:102690002846DDE784000020820000207C00002026
:1026A00038B5002000903448007800B938BD334870
:1026B000007800B1FAE73248007800B1F6E701F09F
:1026C0002DF830490968401A052800D2EEE701F0DC
:1026D00025F82C490860002027490870684600F05A
:1026E00069F8002843D128480068401C2649086042
:1026F0009DF80000022816D024480068401C234999
:10270000086001F00BF822490968401AB0F57A7F99
:1027100009D301F003F81E4908604FF489721DA126
:10272000022000F073FD184800680A281BD301201E
:10273000134908700020104908704FF48E7215A1DB
:10274000052000F063FD00240AE0FFF735FC64205B
:1027500003F0E6FFFFF726FC642003F0E1FF641CB2
:10276000052CF2D306E001200349087002E00020A6
:102770000549086000BF99E785000020840000201B
:10278000CC000020BC000020C800002088000020F1
:10279000C00000202E2E5C4273705C5372635C7527
:1027A0006172742E630000000120014908707047B7
:1027B0008500002010B5044672B600200549088047
:1027C000054908800549087062B6204600F008F8FF
:1027D00010BD000080000020820000208400002046
:1027E00070B504460A4801F034FD05462DB1022DAE
:1027F00003D004B12570002070BD00F025F8054617
:1028000004B125700DB90120F6E70020F4E70000BF
:10281000881C002010B500F081FF044605480068C0
:10282000201AB0F57A7F03D302480460002010BD5F
:102830000120FCE7B800002010B500F005F808B949
:10284000012010BD0020FCE710B505480068054ACE
:10285000128881180122044801F01AFF10BD0000FF
:102860007800002080000020881C002070B50446FD
:1028700000250CE0012002F085F8084800F02AF855
:10288000002002F07FF8054800F024F86D1CA542F6
:10289000F0D3034800F01EF870BD0000605B030039
:1028A00010EB09007B2204A1082000F0AFFC0820F7
:1028B00003F080F900BFFEE72E2E2F436F72652FC5
:1028C0005372632F73746D3332663178785F697435
:1028D0002E63000001B500E000BF0098411E00918A
:1028E0000028F9D108BD30B502460B464FF6FF70FF
:1028F000002112E0545C604000240AE000F0010571
:1029000025B140104AF20105684000E04010651C06
:10291000ECB2082CF2D34C1CA1B29942EADB30BDD8
:10292000704700002DE9F04FA1B01EAA1FA920A8F2
:1029300000F01AFB834605F0E7FC8246BBF1000F6E
:102940003ED0209800F0D8F81C901F9800F092F824
:102950001B901E9800F0AEF81A901C9881B20020CF
:1029600002F0E0F901201B9902F0DCF902201A992B
:1029700002F0D8F927480078401C2649087008461C
:10298000007805281BDB002008701E9805F01AFF50
:1029900004460D461F9805F015FF06460F46209881
:1029A00005F010FF1CA28DE8C300CDE904455021BD
:1029B00006A8FDF79FFC06A803F05EFC00BF0DE033
:1029C0001F480068AAEB000042F21071884205D34C
:1029D0001B48C0F800A01BA003F04EFC1DA903205B
:1029E00002F010FA98B100F0F7F90446BDF874004F
:1029F00020F030001D9004F03000BDF87410084342
:102A00001D90BDF87410032002F08CF900BF21B0B6
:102A1000BDE8F08F040100205B53454E534F525DDB
:102A200020543D252E3166432C20483D252E31660D
:102A300025252C20503D252E31666850610D0A0059
:102A4000000100205B53454E534F525D205265619B
:102A500064206661696C65642C207573696E6720FB
:102A60006C6173742076616C69642076616C756545
:102A7000730D0A0070B504460021204606F066F882
:102A800000D200240949204606F060F900D2074C24
:102A90000749204606F08EF806464FF07C5105F0B7
:102AA000BDFE054606F006F880B270BD0000C842C3
:102AB0000000204170B504460C49204606F046F857
:102AC00000D20A4C0A49204606F040F900D2084CD0
:102AD0000849204606F06EF806464FF07C5105F096
:102AE0009DFE054605F0E6FF80B270BD00009643EE
:102AF000008089440000204170B504460D492046FD
:102B000006F024F800D20B4C0B49204606F01EF9C3
:102B100000D2094C0949204606F04CF806464FF011
:102B20007C5105F07BFE054605F0A8FF00F57A70A4
:102B300000B270BD000020C20000AA420000204187
:102B40000146072913D2DFE801F00406080A0C0E3B
:102B5000100008A070470AA0FCE712A0FAE718A02E
:102B6000F8E71EA0F6E726A0F4E72CA0F2E732A0D3
:102B7000F0E700004148543230204F4B0D0A00006E
:102B80004148543230206572726F723A20493243A4
:102B900020636F6D6D756E69636174696F6E0D0A88
:102BA000000000004148543230206572726F723A62
:102BB0002073746174757320726561640D0A00007E
:102BC0004148543230206572726F723A20627573D8
:102BD000792074696D656F75740D0A00414854322F
:102BE00030206572726F723A2063616C6962726143
:102BF00074696F6E206D697373696E670D0A0000EA
:102C00004148543230206572726F723A2073656E9B
:102C10006420636F6D6D616E640D0A00414854322B
:102C200030206572726F723A206461746120696E3F
:102C300076616C69640D0A00414854323020657237
:102C4000726F723A20756E6B6E6F776E0D0A0000B0
:102C500001460A291AD2DFE801F00507090B0D0F1A
:102C6000111315170AA070470CA0FCE714A0FAE78F
:102C70001BA0F8E723A0F6E729A0F4E730A0F2E7CD
:102C800036A0F0E73CA0EEE745A0ECE74CA0EAE771
:102C9000424D50323830204F4B0D0A00424D5032D9
:102CA0003830206572726F723A2049324320636F68
:102CB0006D6D756E69636174696F6E0D0A00000059
:102CC000424D50323830206572726F723A20696E10
:102CD00076616C696420636869702069640D0A001C
:102CE000424D50323830206572726F723A20636103
:102CF0006C6962726174696F6E20726561640D0A3D
:102D000000000000424D50323830206572726F7200
:102D10003A207265736574206661696C0D0A000063
:102D2000424D50323830206572726F723A20636FB4
:102D30006E6669672077726974650D0A000000008D
:102D4000424D50323830206572726F723A2073747F
:102D50006174757320726561640D0A00424D5032D2
:102D60003830206572726F723A206461746120722B
:102D70006561640D0A000000424D50323830206514
:102D800072726F723A20636F6D70656E73617469F1
:102D90006F6E206F766572666C6F770D0A000000AB
:102DA000424D50323830206572726F723A20646141
:102DB000746120696E76616C69640D0A0000000020
:102DC000424D50323830206572726F723A20756E03
:102DD0006B6E6F776E0D0A00014800787047000037
:102DE000180100202DE9F04121A003F045FA2BA0A5
:102DF00003F042FA0126FEF7B3FC044633A003F0C9
:102E00003BFA3EA003F038FAFEF7E2FE054647A083
:102E100003F032FA3CB90121102000F0E7F900205C
:102E20004E4908700AE00021102000F0DFF900266A
:102E30002046FFF785FE074603F01EFA3DB9012143
:102E4000202000F0D3F90020454908700AE0002155
:102E5000202000F0CBF900262846FFF7F9FE0746B0
:102E600003F00AFA01203F4908703046BDE8F081BE
:102E70003D3D3D3D3D20456E7653656E736F72203E
:102E800044726976657220496E6974205374617268
:102E900074203D3D3D3D3D0D0A000000456E7653DA
:102EA000656E736F725F4472697665725F496E69B1
:102EB000743A2063616C6C696E672041485432300B
:102EC0005F496E697428290D0A000000456E76532B
:102ED000656E736F725F4472697665725F496E6981
:102EE000743A2041485432305F496E6974207265EB
:102EF0007475726E65640D0A00000000456E7653AD
:102F0000656E736F725F4472697665725F496E6950
:102F1000743A2063616C6C696E6720424D503238A0
:102F2000305F496E697428290D0A0000456E76539A
:102F3000656E736F725F4472697665725F496E6920
:102F4000743A20424D503238305F496E69742072B5
:102F5000657475726E65640D0A000000280100201A
:102F600029010020190100202DE9F04F85B0054608
:102F70000E4617460DB106B11FB9002005B0BDE8D9
:102F8000F08F8F48007808B90020F7E74FF000086D
:102F9000C1460020049003900290019000F0BEFB17
:102FA00004468848007805280AD301F08DFCFEF716
:102FB000D7FB0090009810B900208249087000BF2C
:102FC0004FF0010A0020009011E003A904A8FEF7C9
:102FD0006BFC8246BAF1000F00D10BE0009810B9EB
:102FE0000A2003F0FAFB0098401CC0B20090009841
:102FF0000228EAD300BFBAF1000F0FD14FF0010849
:103000000020704908700121102000F0EFF86E498F
:10301000049808606D49039808601EE069480078CC
:10302000401C684908700021102000F0DFF8654856
:103030000078052802D905206249087064480068B4
:10304000201A42F21071884207D36148046050464A
:10305000FFF776FD009003F00FF95E480078052831
:103060000AD301F031FCFEF7B3FD0090009810B9CF
:1030700000205849087000BF4FF0010B002000905D
:1030800011E001A902A8FEF719FE8346BBF1000F6B
:1030900000D10BE0009810B90A2003F09EFB0098C5
:1030A000401CC0B2009000980228EAD300BFBBF1D8
:1030B000000F0CD14FF00109002046490870012192
:1030C000202000F093F84449029808601EE041482F
:1030D0000078401C3F4908700021202000F086F84D
:1030E0003C480078052802D905203A4908703B4839
:1030F0000068201A42F21071884207D337480460F2
:103100005846FFF7A5FD009003F0B6F8B8F1000FA0
:103110001FD0B9F1000F1CD00199049805F048FEAA
:1031200000902F49009805F011FE04D32D49009816
:1031300005F00CFD0CD24FF0000926480078401C29
:103140002449087008460078052801D20520087037
:1031500000BFB8F1000F02D1B9F1000F02D0012079
:1031600021490870B8F1000F04D004982860039832
:1031700030600CE01C48007830B1134800682860CB
:1031800012480068306002E0002028603060B9F129
:10319000000F02D00298386008E01348007818B198
:1031A0000D480068386001E000203860B8F1000F79
:1031B00004D0B9F1000F01D00120DFE60020DDE6E8
:1031C00019010020280100201C01002020010020FE
:1031D00010010020290100202401002014010020FA
:1031E0000000A0400000A0C01A01002029B1064A3A
:1031F00012780243044B1A7004E0034A12788243A7
:10320000014B1A707047000018010020F0B59BB008
:1032100004460E4617460A2C01D31BB0F0BD1148D8
:103220000470114850F8240000F101000E4941F8E3
:10323000240000BFEFF3058000B1EEE70EB1304689
:1032400000E00AA023460BA26021CDE9000703A8F5
:10325000FDF750F80546002D02DD03A800F02EF81A
:1032600000BFDAE7DC000020F4210020756E6B6EF1
:103270006F776E004552525B25755D2025733A25A8
:10328000640D0A001C2204A10120FFF7BFFF0120EA
:1032900002F0C0FD02F008FC2E2E5C4170705C5301
:1032A000797374656D5C5372635C6572726F725F83
:1032B00068616E646C65722E6300000000B970472F
:1032C00000BFFCE70148008870470000D6000020DE
:1032D0000146002291F82100022808D004208863CA
:1032E00000BF002081F8200000BF0120704708685F
:1032F000006820F00E000B6818600868006820F075
:1033000001000B68186091F8403001209840CB6BA9
:103310005860012081F8210000BF002081F82000C2
:1033200000BF1046E2E7000070B50446002594F89F
:103330002100022803D00420A063012548E0206872
:10334000006820F00E00216808602068006820F006
:103350000100216808601F492068884201D10120CE
:1033600026E01C4914312068884201D110201FE05A
:10337000184928312068884201D1801518E0154984
:103380003C312068884201D1801411E0114950314C
:103390002068884202D14FF4803009E00D49643141
:1033A0002068884202D14FF4801001E04FF0807015
:1033B000084908394860012084F8210000BF002036
:1033C00084F8200000BF606B10B12046616B884715
:1033D000284670BD080002400146886B7047000017
:1033E0002DE9F8470346002294466EE14FF00108AC
:1033F00008FA02F4D1F8008008EA0400A0427DD166
:10340000DFF8DCA2D1F80480A8EB0A09D0453AD055
:1034100014DCB8F1030F50D009DCB8F1000F31D043
:10342000B8F1010F1CD0B8F1020F49D120E0B8F17A
:10343000110F18D0B8F1120F42D11EE0B9F5881F54
:1034400025D006DCB9F5803F20D0B9F5801F37D1F3
:103450001AE0B9F5001F18D0B9F5041F30D117E0F4
:10346000D1F80CC02DE0D1F80C8008F1040C28E054
:10347000D1F80C8008F1080C23E0D1F80C8008F199
:103480000C0C1EE000BF00BF00BF00BF00BF00BFAC
:10349000D1F80880B8F1000F02D14FF0040C0BE016
:1034A000D1F80880B8F1010F03D14FF0080C1C616E
:1034B00002E04FF0080C5C6103E04FF0000C00E00C
:1034C00000BF00BFFF2801D8984601E003F10408BF
:1034D0004646FF2802D84FEA820803E0A2F1080816
:1034E0004FEA88084746D6F800804FF00F0909FADE
:1034F00007F928EA09080CFA07F900E088E048EA29
:103500000908C6F80080D1F8048008F08058B8F1A6
:10351000805F7DD100BFDFF8CC81D8F8188048F0FB
:103520000108DFF8C091C9F81880C846D8F818809B
:1035300008F00108CDF8008000BF00BF4FEAB9389D
:103540004FEA920958F829504FEA82784FEA1879E1
:103550004FF00F0808FA09F825EA0805DFF8888116
:10356000434502D14FF0000816E0DFF88081434563
:1035700002D14FF001080FE0DFF87481434502D11A
:103580004FF0020808E0DFF86C81434502D14FF0AC
:10359000030801E04FF004084FEA82794FEA1979F5
:1035A00008FA09F848EA0505DFF84C814FEA920964
:1035B00048F82950D1F8048008F48018B8F5801F25
:1035C0000AD1DFF83881D8F8008048EA0008DFF82F
:1035D0002C91C9F8008009E0DFF82081D8F800803C
:1035E00028EA0008DFF81491C9F80080D1F80480B7
:1035F00008F40018B8F5001F10D1DFF8008108F1B9
:103600000408D8F8008048EA0008DFF8F09000E0ED
:103610005AE009F10409C9F800800DE0DFF8DC8008
:1036200008F10408D8F8008028EA0008DFF8CC90F8
:1036300009F10409C9F80080D1F8048008F40038C1
:10364000B8F5003F0ED1DFF8B480A8F10408D8F82F
:10365000008048EA0008DFF8A490A9F10409C9F83D
:1036600000800DE0DFF89480A8F10408D8F800800D
:1036700028EA0008DFF88490A9F10409C9F800805D
:10368000D1F8048008F48038B8F5803F0ED1DFF817
:103690006C80A8F10808D8F8008048EA0008DFF834
:1036A0005C90A9F10809C9F800800DE0DFF84C80B2
:1036B000A8F10808D8F8008028EA0008DFF83C9054
:1036C000A9F10809C9F80080521CD1F8008028FA35
:1036D00002F8B8F1000F7FF489AEBDE8F88700006A
:1036E000000011100010024000080140000C0140D1
:1036F000001001400014014008000140080401408E
:10370000024693680B400BB1012000E00020704797
:103710000AB1016101E00B040361704701480068D0
:10372000704700000000002070B504460CB901206D
:1037300070BD4CF6CC402168086045F255502168B8
:103740000860D4E9001048602168A0688860FFF72D
:10375000E5FF05460DE0FFF7E1FF401B41F23C317C
:10376000884206D92068C06800F0030008B1032031
:10377000DEE72068C06800F003000028EBD14AF6BD
:10378000AA20216808600020D2E701464AF6AA2054
:103790000A681060002070470348006803490978F0
:1037A000084401490860704700000020080000201C
:1037B00010B50848006840F0100006490860032072
:1037C00000F0A2F80F2000F007F800F02BF800201E
:1037D00010BD00000020024070B504460E4800787D
:1037E0004FF47A71B1FBF0F00C490968B1FBF0F5C8
:1037F000284600F0F3FB08B1012070BD102C07D261
:1038000000222146501E00F041F80548046001E006
:103810000120F2E70020F0E7080000200C00002063
:103820000400002008B500BF0F48806940F0010087
:103830000D4988610846806900F00100009000BFD2
:1038400000BF00BF0846C06940F08050C86108460C
:10385000C06900F08050009000BF00BF00220F211F
:10386000901E00F013F808BD001002400146084603
:10387000002809DB00F01F0301229A4043099B0046
:1038800003F1E023C3F8002100BF70472DE9F05F8A
:1038900080460D461646002702F07CFF0746394653
:1038A0002A46334601F00700C0F1070ABAF1040FB7
:1038B00002D94FF0040A01E0C0F1070AD14600F135
:1038C000040ABAF1070F02D24FF0000A01E0A0F19A
:1038D000030AD4464FF0010A0AFA09FAAAF1010ACA
:1038E0000AEA020A0AFA0CFA4FF0010B0BFA0CFB77
:1038F000ABF1010B0BEA030B4AEA0B0421464046ED
:1039000002F050FFBDE8F09F00BF00F00702064B39
:1039100019684FF6FF031940044B0B4343EA022199
:10392000014B196000BF70470CED00E00000FA0584
:1039300070B504460D460CB9012070BD5A480068A8
:1039400000F00700A8420ED25748006820F0070098
:103950002843554908600846006800F00700A8425F
:1039600001D00120E9E7207800F0020002281DD1F3
:10397000207800F00400042805D14C48406840F449
:10398000E0604A494860207800F00800082805D126
:103990004648406840F460504449486043484068A5
:1039A00020F0F000A168084340494860207800F00A
:1039B000010078B36068012806D13C48006800F433
:1039C000003090B90120B8E76068022806D1374876
:1039D000006800F0007040B90120AEE7334800688D
:1039E00000F0020008B90120A7E73048406820F045
:1039F0000300616808432D494860FFF78FFE0646C3
:103A000009E0FFF78BFE801B41F28831884202D922
:103A1000032092E707E02548406800F00C00616849
:103A2000B0EB810FEDD12048006800F00700A842FC
:103A30000ED91D48006820F0070028431A49086085
:103A40000846006800F00700A84201D0012074E792
:103A5000207800F00400042807D11448406820F4BE
:103A6000E060E168084311494860207800F00800F0
:103A7000082808D10D48406820F46050216940EAC8
:103A8000C1000A49486000F03FF808494968C1F39D
:103A90000311074A515CC84006490860064800689F
:103AA000FFF79AFE002048E7002002400010024085
:103AB000B08E00080C0000200400002001480068BF
:103AC000704700000C00002000B5FFF7F7FF044925
:103AD0004968C1F30221034A515CC84000BD00009F
:103AE00000100240C08E000800B5FFF7E7FF044950
:103AF0004968C1F3C221034A515CC84000BD0000BF
:103B000000100240C08E000870B500210022002481
:103B100000230020134D696801F00C05F5B1042D58
:103B200002D0082D19D101E00F4819E00F4DC1F363
:103B30008346AB5D01F4803555B10A4D6D68C5F320
:103B400040450B4E725D084D5D43B5FBF2F402E05B
:103B5000084D03FB05F4204602E000BF024800BF09
:103B600000BF70BD0010024000127A009E8E000857
:103B7000AE8E000800093D00F8B504460CB90120DE
:103B8000F8BD207800F00100002878D0F84840689F
:103B900000F00C0004280CD0F548406800F00C0040
:103BA000082811D1F248406800F48030B0F5803F19
:103BB0000AD1EF48006800F4003000285FD0606848
:103BC00000285CD10120DBE700BF6068B0F5803FD2
:103BD00006D1E748006840F48030E549086028E0F5
:103BE000606858B9E248006820F48030E049086015
:103BF0000846006820F4802008601AE06068B0F58C
:103C0000A02F0BD1DA48006840F48020D849086022
:103C10000846006840F4803008600AE0D448006834
:103C200020F48030D24908600846006820F48020E3
:103C3000086000BF606888B1FFF770FD054606E0C8
:103C4000FFF76CFD401B642801D9032098E7C848A2
:103C5000006800F400300028F2D010E0FFF75EFDAD
:103C6000054606E0FFF75AFD401B642801D90320F2
:103C700086E7BF48006800F400300028F2D12078C1
:103C800000F00200022857D1B948406800F00C004B
:103C900050B1B748406800F00C00082818D1B4486B
:103CA000406800F4803098B9B148006800F0020024
:103CB00020B12069012801D0012061E7AC480068EB
:103CC00020F0F800616940EAC100A949086033E0CA
:103CD0002069E8B10120A7490860FFF71FFD0546EC
:103CE00006E0FFF71BFD401B022801D9032047E730
:103CF0009F48006800F002000028F2D09C4800684D
:103D000020F0F800616940EAC1009949086013E0B9
:103D1000002098490860FFF701FD054606E0FFF71F
:103D2000FDFC401B022801D9032029E790480068C8
:103D300000F002000028F2D1207800F008000828E6
:103D40002DD1A069B8B101208B490860FFF7E6FCCE
:103D5000054606E0FFF7E2FC401B022801D90320DC
:103D60000EE78348406A00F002000028F2D00120EC
:103D700001F010F913E000207F490860FFF7CEFC46
:103D8000054606E0FFF7CAFC401B022801D90320C4
:103D9000F6E67748406A00F002000028F2D1207869
:103DA00000F00400042873D100277148C06900F0B6
:103DB000805070B900BF6E48C06940F080506C49B7
:103DC000C8610846C06900F08050009000BF00BF85
:103DD00001276A48006800F48070B0B9674800683D
:103DE00040F4807065490860FFF798FC054606E0DE
:103DF000FFF794FC401B642801D90320C0E65F480C
:103E0000006800F480700028F2D000BFE06801284C
:103E100006D15748006A40F001005549086227E082
:103E2000E06858B95248006A20F001005049086221
:103E30000846006A20F00400086219E0E0680528DE
:103E40000BD14B48006A40F004004949086208461B
:103E5000006A40F0010008620AE04548006A20F06C
:103E60000100434908620846006A20F00400086225
:103E700000BFE068A0B1FFF751FC054609E0FFF77D
:103E80004DFC401B41F28831884202D9032077E67D
:103E900022E03748006A00F002000028EFD012E06C
:103EA000FFF73CFC054608E0FFF738FC401B41F2F9
:103EB0008831884201D9032062E62D48006A00F06B
:103EC00002000028F0D1012F05D12948C06920F057
:103ED00080502749C86100BFE069C8B324484068E2
:103EE00000F00C00082860D0E069022848D10020CA
:103EF00020490866FFF712FC054606E0FFF70EFCB6
:103F0000401B022801D903203AE61948006800F056
:103F100000700028F2D1206AB0F5803F07D1144824
:103F2000406820F40030A168084311494860D4E992
:103F3000080108430E49496821F4741108430C49EB
:103F4000486001200B490866FFF7E8FB054607E0DB
:103F50003DE0FFF7E3FB401B022801D903200FE6F9
:103F60000348006800F000700028F2D02FE0000045
:103F700000100240000042428004424200700040B3
:103F8000002014490866FFF7C9FB054606E0FFF765
:103F9000C5FB401B022801D90320F1E50E4800684B
:103FA00000F000700028F2D111E0E069012800D192
:103FB000E6E50948466806F48031206A814204D16A
:103FC00006F47011606A814201D00120D8E500201A
:103FD000D6E50000000042420010024070B50446E1
:103FE0002546681EB0F1807F01D301200FE0681ED6
:103FF0004FF0E02148610F214FF0FF3002F0D2FB7B
:1040000000204FF0E021886107200861002070BD8A
:104010002DE9F04104460D461646002700BF94F8EE
:104020003C00012802D10220BDE8F081012084F883
:104030003C0000BF36B1042E1BD0082E31D00C2E10
:104040005ED145E02946206802F018F820688069B2
:1040500040F00800216888612068806920F0040031
:10406000216888612068806929690843216888611E
:1040700048E02946206802F031F82068806940F461
:104080000060216888612068806920F48060216870
:10409000886120688069296940EA01202168886177
:1040A00030E02946206802F04DF82068C06940F0F1
:1040B00008002168C8612068C06920F004002168F8
:1040C000C8612068C069296908432168C86119E08E
:1040D0002946206802F06AF82068C06940F4006050
:1040E0002168C8612068C06920F480602168C861C7
:1040F0002068C069296940EA01202168C86101E09F
:10410000012700BF00BF00BF002084F83C0000BFB3
:10411000384689E710B504460CB9012010BD94F863
:104120003D0028B9002084F83C00204600F025F826
:10413000022084F83D00211D206801F04BFF012082
:1041400084F8460000BF84F83E0001213F2001555D
:10415000402001554120015500BF00BF012084F8D7
:10416000420043200155442001554520015500BF20
:10417000012084F83D000020D0E7704770B5044668
:104180000D4615B994F83E000BE0042D02D13F20F6
:10419000005D06E0082D02D14020005D01E04120D5
:1041A000005D012801D0012070BD1DB9022084F8F6
:1041B0003E000EE0042D03D102213F20015508E00E
:1041C000082D03D102214020015502E002214120A7
:1041D000015501222946206801F03EFF1949206857
:1041E000884201D1012000E0002028B12068406C05
:1041F00040F40040216848641249206888420BD08E
:104200002068B0F1804F07D00F492068884203D062
:104210000E49206888420CD12068806800F00706AB
:10422000062E0CD02068006840F00100216808606C
:1042300005E02068006840F0010021680860002067
:10424000B2E70000002C01400004004000080040DC
:10425000704710B5044600BF00BF21680C3151E81B
:10426000001F21F4907021680C3141E80002002AFF
:10427000F3D100BF00BF00BF2168143151E8001F17
:1042800021F001002168143141E80002002AF3D135
:1042900000BF206B01280ED100BF00BF21680C3188
:1042A00051E8001F21F0100021680C3141E80002A4
:1042B000002AF3D100BF2068406900F0400000B33D
:1042C00000BF00BF2168143151E8001F21F04000F9
:1042D0002168143141E80002002AF3D100BFE06BED
:1042E00078B10020E16B4863E06BFEF7F1FF40B16D
:1042F000E06BFFF771F8202803D1102060640320E1
:1043000010BD0020E085202084F8420000202063BA
:1043100000BFF5E710B504461CB105492068884286
:1043200000D010BD2046FDF7EFFF00BFF9E7000009
:10433000003801402DE9F84F0446206805682068E0
:10434000C668206847694FF00009CA4605F00F09A2
:10435000B9F1000F0AD105F0200038B106F02000B5
:1043600020B1204602F046F8BDE8F88FB9F1000F01
:104370007BD007F0010018B906F49070002874D0C3
:1043800005F0010030B106F4807018B1606C40F0A7
:104390000100606405F0040030B107F0010018B1BD
:1043A000606C40F00200606405F0020030B107F07C
:1043B000010018B1606C40F00400606405F0080072
:1043C00048B106F0200010B907F0010018B1606C88
:1043D00040F008006064606C002845D005F02000C3
:1043E00028B106F0200010B1204602F003F8206842
:1043F0004069C0F3801A606C00F0080010B9BAF18F
:10440000000F2CD0204601F0AFFF2068406900F07B
:10441000400000B300BF00BF2168143151E8001F05
:1044200021F040002168143141E80002002AF3D154
:1044300000BFE06B50B17748E16B4863E06BFEF77B
:1044400073FF88B1E06B416B88470DE02046FFF7B2
:1044500061FF09E009E02046FFF75CFF04E0204629
:10446000FFF758FF002060647EE7206B012877D1BA
:1044700005F01000002873D006F010000028FAD0D4
:1044800000BF00200090206800680090206840680D
:10449000009000BF00BF2068406900F04000002885
:1044A0005FD0E06B006840681FFA80F8B8F1000F39
:1044B00055D0A08D404552DDA4F82E80E06B806978
:1044C000202843D000BF00BF21680C3151E8001FF5
:1044D00021F4807021680C3141E80002002AF3D1F8
:1044E00000BF00BF00BF2168143151E8001F21F058
:1044F00001002168143141E80002002AF3D100BF15
:1045000000BF00BF2168143151E8001F21F04000B6
:104510002168143141E80002002AF3D100BF2020B5
:1045200084F842000020206300BF00BF21680C31E6
:1045300051E8001F21F0100021680C3141E8000211
:10454000002AF3D100BFE06BFEF7C2FE02206063D9
:10455000A08DE28D801A81B22046FFF779FE03E735
:1045600042E0A08DE18D401A1FFA80F8E08DD0B3B3
:10457000B8F1000F37D000BF00BF21680C3151E8FF
:10458000001F21F4907021680C3141E80002002ADC
:10459000F3D100BF00BF00BF2168143151E8001FF4
:1045A00021F001002168143141E80002002AF3D112
:1045B00000BF202084F842000020206300BF00BF1D
:1045C00021680C3151E8001F21F0100021680C31E6
:1045D00041E80002002AF3D100BF02206063414697
:1045E0002046FFF735FEBFE605F0800030B106F04B
:1045F000800018B1204602F019F8B5E605F0400039
:1046000030B106F0400018B1204601F0E3FEABE601
:1046100000BFA9E6E962000810B504460CB9012004
:1046200010BDA06900B100E000BF94F8410028B9B6
:10463000002084F84000204600F029F8242084F867
:1046400041002068C06820F400502168C8602046FE
:1046500001F04EFF2068006920F490402168086155
:104660002068406920F02A00216848612068C068FD
:1046700040F400502168C86000206064202084F865
:10468000410084F842000020606300BFC8E7704723
:1046900070B504460D46164694F8420020280BD10A
:1046A00005B10EB9012070BD0020206332462946B5
:1046B000204601F09BFFF6E70220F4E710B5044620
:1046C00025492068884244D12448007860B12448B4
:1046D0000068244A1288811801222046FFF7D8FF7B
:1046E00008B1FEF761F810BD1E480088FF2829D8E0
:1046F0001C480088401C1B49088008460088FF2889
:1047000018D8174800680A461288811801222046E6
:10471000FFF7BEFFE8B194F84200222802D1FEF76D
:1047200043F816E010480068401C0F490860FEF787
:104730003BF80EE00D480068401C0C490860FEF78D
:1047400033F806E009480068401C08490860FEF795
:104750002BF800BFC7E7000000380140B40000207C
:104760007800002080000020880000208C000020BD
:104770002DE9F84F04460E46174699464FF0000AB9
:1047800094F84100202850D106B117B90120BDE8A6
:10479000F88F00206064212084F84100FEF7BEFFFE
:1047A0008246A784E784A068B0F5805F04D12069C1
:1047B00010B90025B04602E035464FF000081EE073
:1047C0005346002280212046CDF8009001F05EFF84
:1047D00020B1202084F841000320D8E745B9B8F87B
:1047E0000000C0F308002168486008F1020803E0F7
:1047F0002878216848606D1CE08C401EE084E08CC5
:104800000028DDD15346002240212046CDF80090FB
:1048100001F03CFF20B1202084F841000320B6E7DE
:10482000202084F841000020B1E70220AFE7704764
:104830005B2204A10620FEF7E9FC062001F0BAF98C
:1048400000BFFEE72E2E2F436F72652F5372632F2A
:1048500073746D3332663178785F69742E6300004B
:1048600000B585B00020019002900390049000BF35
:104870001348806940F00800114988610846806942
:1048800000F00800009000BF00BF4FF4407001909E
:1048900011200290012003900320049001A90948EF
:1048A000FEF79EFD012211020648FEF731FF0122AC
:1048B00051020448FEF72CFF00F04AFC05B000BD91
:1048C00000100240000C01401FB500200090019034
:1048D000029003904FF4407000900120019000205E
:1048E00002900320039069461248FEF779FD0122E9
:1048F00051021048FEF70CFF002410E000224FF494
:1049000080710C48FEF704FF00F022FC0122110226
:104910000848FEF7FDFE00F01BFC601CC4B2092C29
:10492000ECDB00F0ABFDFFF79BFF0A2001F055FF29
:104930001FBD0000000C01401CB50948006800B113
:104940001CBD03F0D1FC022808D10020009001908A
:10495000684601F0B5FF0249086000BF00BFEFE7FD
:104960003801002010B5FDF7EFFA00200349087068
:1049700003490870FDF716FB10BD00002C01002054
:104980002D01002010B50446FFF7D6FF104800683F
:1049900050B9062C03D00F480078062803D00D48E4
:1049A00004700D48047010BD64210948006801F0CE
:1049B000BDFF58B9062C03D006480078062801D060
:1049C000054804700248006801F088FF00BFEAE76C
:1049D000380100202C0100202D01002070B5FFF7C8
:1049E000ABFF2F480068E0B10A212D48006801F0B4
:1049F0009DFFB0B92B4800782B49097888420CD02C
:104A00002848007828490870FEF788FE2749086082
:104A1000002027490870FDF7C5FA2148006801F019
:104A20005DFFFEF77BFE0446002500261E48007849
:104A300007281AD2DFE800F004050B0F1316080050
:104A400070BDFDF7B9FAFBE7FDF7B6FAF8E74FF4EA
:104A50007A7501260AE04FF4FA75012606E0FA2578
:104A6000012603E07D25012600E0E9E700BFA6B1AD
:104A70000E480068201AA8420FD30D48007880F035
:104A800001000B4908700846007810B1FDF794FA50
:104A900001E0FDF787FA0548046000BFD0E7000099
:104AA000380100202D0100202C01002030010020C1
:104AB000340100206B2204A10720FEF7A7FB07208A
:104AC00001F078F800BFFEE72E2E2F436F72652F9E
:104AD0005372632F73746D3332663178785F697403
:104AE0002E6300002DE9F04107460C4600F032F934
:104AF00028B90321084600F0B7F9BDE8F08101208C
:104B00001C490870032048706006000E8870002061
:104B100014E03A1802EB4202174B33F822100A0A4B
:104B2000032303EB4003DFF84CC00CF803200423FD
:104B300003EB40030CF80310411C88B2A042E8DBF1
:104B400000F0B0F9032000EB440085B22946094883
:104B5000FDF7C9FE064607494E55310A054A681C4D
:104B60001154A81C81B20522024801F059FB00BF74
:104B7000C3E700007C2000207C2100201CB50748F2
:104B8000006800B11CBD002000900190684601F053
:104B900097FE0249086000BFF4E70000D80000203B
:104BA0002DE9F04104460F460CB1082F01D0BDE8B5
:104BB000F081E078A17840EA01266079217940EA25
:104BC00001250DB17D2D04D90321084600F04CF9D3
:104BD000EDE70A2E04D20A2D02D870190A2804D94A
:104BE0000221032000F040F9E1E729463046FFF7B3
:104BF00079FF00BFDBE700002DE9F041044688465D
:104C000014B1B8F1080F01D0BDE8F081E078A178C7
:104C100040EA01256079217940EA01260A2D04D372
:104C20000221062000F020F9EEE73146284600F088
:104C30006DF920B90321062000F016F9E4E7012000
:104C40000C49087006204870280A8870CD70300A18
:104C500008714E7106210748FDF745FE07460549D4
:104C60008F71380AC87105220821024801F0D8FA6C
:104C700000BFC9E77C20002010B5FFF77FFF0020B0
:104C800017E0002100EB4002214B23F8221000EB3B
:104C9000400203EB8202518000EB400203EB8202F0
:104CA00011711C4900EB400203EB82029160411C30
:104CB00088B20A28E5D3002011E0174931F8101016
:104CC00000EB4002124B23F82210134931F8101068
:104CD00000EB400203EB82025180411C88B206289F
:104CE00001DA0A28E9D3012009490871012108489D
:104CF0000174017780F828100849042000F09CF81E
:104D00000749052000F098F800F0EAF910BD00000E
:104D10007C210020814D0008C88E0008934D0008BA
:104D2000834D000870B504460D460A2C01D30020BF
:104D300070BD00F00FF808B90020F9E704EB44005B
:104D4000034921F8205000F0ADF80120F0E7000001
:104D50007C21002010B5FFF711FF0848006808B952
:104D6000002010BD4FF0FF310448006801F0DEFD67
:104D700008B90120F5E70020F3E70000D800002083
:104D8000704770B505460C46E1B2022000F0B5F957
:104D900070BD70B505460C462146012000F0A5F90E
:104DA00070BD000038B500224FF48071144801F046
:104DB000B0FA04460020009004B938BD6A46214686
:104DC0000F4800F07BF800B9F7E79DF800000328D2
:104DD00002D006280AD104E021460948FFF7E0FE88
:104DE0000AE021460648FFF707FF05E001219DF88C
:104DF000000000F039F800BF00BF00BFDDE7000091
:104E00007C1F002070B504460D460DB10A2C01D35D
:104E1000002070BDFFF79EFF08B90020F9E704EB02
:104E20004400044931F82000288000F03BF80120BC
:104E3000EFE700007C21002070B504460D460A2CE7
:104E400001D3002070BDFFF785FF08B90020F9E706
:104E500004EB4400034901EB8000856000F022F878
:104E60000120EFE77C2100207CB504460D4601209F
:104E70008DF8000044F080008DF801008DF802509C
:104E800003216846FDF72FFD0646F0B28DF80300BA
:104E9000300A8DF8040005221146684601F0C0F979
:104EA0007CBD000010B50448006818B102480068D5
:104EB00001F014FD10BD0000D80000202DE9F041E4
:104EC00004460D46164604B116B90020BDE8F0812F
:104ED000082D01D20020F9E72078012801D0002018
:104EE000F4E7A81E215C681E205C41EA0028A81E89
:104EF00081B22046FDF7F7FC0746B84501D00020F7
:104F0000E4E7607830700120E0E700002DE9F0412F
:104F100004460D46002600270A2C02D30020BDE8D7
:104F2000F081042C03D1B42D01D90020F7E7052C22
:104F300003D1FF2D01D90020F1E7FFF70BFF08B9DE
:104F40000020ECE704EB4400104901EB80000079FD
:104F500018B1FFF7A7FF0020E1E704EB44000B497D
:104F600031F8206004EB440021F8205004EB4400A9
:104F700001EB80008768FFF795FF27B1AE4202D0B2
:104F800029463046B8470120C9E700007C210020AF
:104F900000BFFEE708B508490968C9084FF47A72EE
:104FA000B1FBF2F14143009100BF00BF00994A1EDE
:104FB00000920029F9D108BD0C0000202DE9F0472E
:104FC0008046894615461E46FEF77CF9044600BF1A
:104FD0002B4632464946404600F0C6F808B9012043
:104FE00000E00020074607B108E014B1204601F0B8
:104FF000F4FB2000A4F101018CB2E9D100BF3846D6
:10500000BDE8F0872DE9F04706460F4690469946E1
:10501000FEF758F9044600BF4B4642463946304633
:1050200000F0B9F808B9012000E00020054605B1FC
:1050300008E014B1204601F0D0FB2000A4F10101EA
:105040008CB2E9D100BF2846BDE8F0872DE9F041D8
:1050500080460C461546FEF735F9064604B115B9EB
:105060000020BDE8F08100BF22462946404600F0FE
:105070006FFA08B9012000E00020074607B108E0F8
:1050800016B1304601F0A9FB3000A6F101018EB245
:10509000EAD100BF3846E4E72DE9F04706460F465F
:1050A00090469946FEF70EF9044600BF4B4642462D
:1050B0003946304600F078FA08B9012000E00020B7
:1050C000054605B108E014B1204601F086FB20003A
:1050D000A4F101018CB2E9D100BF2846BDE8F087F8
:1050E00010B5FCF773FF012010BD70B504460D46E6
:1050F00029462046FCF7D6FF70BD70B506460C4623
:10510000752C02D9892C00D27F247F2C0AD24FF42F
:105110007A7060437F21B0FBF1F040F6C411081AA9
:1051200085B210E07F2C0CD9A4F180004FF47A7185
:1051300048437F21B0FBF1F040F2DC51081A85B200
:1051400001E040F2DC5529463046FCF7DBFF70BD3C
:1051500008B50020009003E000BF0098401C0090BC
:1051600000980828F8D308BD2DE9F0410746884685
:1051700014461D464146384600F0CAF9064616B1A7
:105180003046BDE8F0812A462146384600F0B0F8A6
:1051900006463046F5E72DE9F041074688461546B4
:1051A0001E4600F03FF9044614B12046BDE8F081E8
:1051B000002141EA4701C8B200F0E4F804461CB1FE
:1051C00000F05CF92046F1E7404600F0DBF80446C9
:1051D0001CB100F053F92046E8E700F023F904463B
:1051E0001CB100F04BF92046E0E7012101EB47013B
:1051F000C8B200F0C7F804461CB100F03FF92046E1
:10520000D4E70BE0012D03D100F00EF8307002E07E
:1052100000F03CF83070761C681E85B2002DF1D18C
:1052200000F02CF90020C1E770B5002401225102E2
:105230001548FEF76DFA00224FF480711248FEF710
:1052400067FA00251AE0012211020F48FEF760FA02
:10525000FFF77EFF6006040E4FF400710A48FEF768
:105260004FFA08B144F0010400224FF4807106485F
:10527000FEF74EFAFFF76CFF681CC5B2082DE2DBA3
:1052800000F0B6F8204670BD000C014070B5002457
:10529000012251021548FEF73BFA00224FF48071BB
:1052A0001248FEF735FA00251AE0012211020F48D4
:1052B000FEF72EFAFFF74CFF6006040E4FF4007164
:1052C0000A48FEF71DFA08B144F0010400224FF429
:1052D00080710648FEF71CFAFFF73AFF681CC5B25A
:1052E000082DE2DB00F032F8204670BD000C0140D2
:1052F0002DE9F04107460C46154600F093F80646A6
:1053000026B100F0BBF83046BDE8F081012101EB89
:105310004701C8B200F036F806461EB100F0AEF8FC
:105320003046F1E70BE0012C03D1FFF77DFF287039
:1053300002E0FFF7ABFF28706D1C601E84B2002CEA
:10534000F1D100F09BF80020DEE7000010B500224C
:105350004FF400710A48FEF7DBF9FFF7F9FE01226E
:1053600011020748FEF7D4F9FFF7F2FE00224FF4CE
:1053700080710348FEF7CCF9FFF7EAFE10BD00008C
:10538000000C014070B5044600224FF480711748AC
:10539000FEF7BEF9002523E004F0800028B10122C9
:1053A00051021248FEF7B4F905E000224FF40071F3
:1053B0000E48FEF7ADF96006040EFFF7C9FE0122A4
:1053C00011020A48FEF7A4F9FFF7C2FE00224FF4CB
:1053D00080710648FEF79CF9FFF7BAFE681CC5B25B
:1053E000082DD9DB00F064F870BD0000000C01400E
:1053F00010B5012251020A48FEF78AF9FFF7A8FE0C
:10540000012211020648FEF783F9FFF7A1FE0022F0
:105410004FF480710248FEF77BF9FFF799FE10BD4B
:10542000000C014010B5012251021348FEF770F93B
:10543000FFF78EFE012211020F48FEF769F9FFF710
:1054400087FE4FF400710C48FEF75AF908B90120A5
:1054500010BD00224FF400710748FEF759F9FFF71D
:1054600077FE00224FF480710348FEF751F9FFF7F1
:105470006FFE0020ECE70000000C014010B5002298
:105480004FF400710948FEF743F9FFF761FE01226E
:1054900011020648FEF73CF9FFF75AFE01225102BD
:1054A0000248FEF735F9FFF753FE10BD000C01402E
:1054B00010B5FEF733F90446012251021348FEF7F6
:1054C00027F9FFF745FE012211021048FEF720F9E7
:1054D000FFF73EFE08E0FEF721F9001B0A2803D380
:1054E000FFF7CCFF022010BD4FF400710748FEF714
:1054F00007F90028EFD100224FF480710348FEF72E
:1055000007F9FFF725FE0020EDE70000000C014041
:1055100070B505460E46FFF785FF04460CB12046E0
:1055200070BD002141EA4501C8B2FFF72BFF0446D8
:105530001CB1FFF7A3FF2046F2E73046FFF722FF3A
:1055400004461CB1FFF79AFF2046E9E70020E7E791
:105550002DE9F04106460F469046FFF763FF0546EA
:1055600015B12846BDE8F081002141EA4601C8B2E4
:10557000FFF708FF05461DB1FFF780FF2846F1E75A
:1055800000240BE018F80400FFF7FCFE05461DB1EF
:10559000FFF774FF2846E5E7601CC4B2BC42F1DBAC
:1055A000FFF76CFF0020DDE72DE9F04706460F46C8
:1055B00090469946FFF736FF044614B12046BDE8F1
:1055C000F087002141EA4601C8B2FFF7DBFE04463E
:1055D0001CB1FFF753FF2046F1E73846FFF7D2FE34
:1055E00004461CB1FFF74AFF2046E8E700250BE020
:1055F00019F80500FFF7C6FE04461CB1FFF73EFF91
:105600002046DCE7681CC5B24545F1DBFFF736FFF5
:105610000020D4E770B50546FDF7E4FBFFF7A2F9DB
:105620000220FFF7AFF900201849087001F03EF999
:105630001749086001F03AF91649086000BF13489D
:10564000007800B119E001F031F904461048006813
:10565000201A322803D3FFF7C1F90D4804600D4822
:105660000068201AB0F57A7F03D3FDF75BF909488B
:105670000460322001F009F9E1E700BF0020FFF7E4
:1056800081F9002001F0B5F970BD0000F4000020A0
:10569000F8000020FC0000202DE9F8438146002599
:1056A0000026002701F002F9054601F0FFF8064642
:1056B00001F0FCF8074600201B49087000BF1A489B
:1056C000007800B12CE001F0F1F80446601BB0F561
:1056D0007A7F11D30020009069460320FFF792FBE8
:1056E00040B1BDF8000080F00F0841460320FFF7ED
:1056F00019FB00BF254600BFA01B40F6B831884209
:1057000002D300F091FA2646E01B40F6B8318842F9
:1057100002D300F063F927460A2001F0B6F8CEE77D
:1057200000BFBDE8F8830000F000002010B504467B
:1057300000F0E4FD00200949087007E0FFF732FBA4
:1057400000F0E3FD10B9012001F09FF80348007854
:105750000028F3D0002001F04CF910BDF10000202A
:1057600010B5FEF719F802F0BFFD012801D002F0D4
:1057700035F910BD00B58FB0282105A8FAF761FFF3
:1057800014216846FAF75DFF012005900004069099
:10579000002007900120099002200C90C1030D9178
:1057A0004FF4E0110E9105A8FEF7E6F908B1FDF7F8
:1057B00069FD0F20009002200190002002904FF41C
:1057C000806003900020049002216846FEF7B0F844
:1057D00008B1FDF757FD0FB000BD704710B5084880
:1057E000016808A000F060FA0848016808A000F00D
:1057F0005BFA0948016809A000F056FA10BD0000E4
:10580000E40000205541525400000000E000002058
:105810004445564943450000E80000204D6F6E693D
:10582000746F720030B5A1B02B48446A002504F0B3
:10583000005040B129A2802101A8FAF75BFD01A820
:1058400000F058F9012504F0804040B12DA28021DC
:1058500001A8FAF74FFD01A800F04CF9012504F06A
:10586000006040B130A2802101A8FAF743FD01A8F1
:1058700000F040F9012504F0806040B133A280219E
:1058800001A8FAF737FD01A800F034F9012504F06A
:10589000805040B136A2802101A8FAF72BFD01A863
:1058A00000F028F9012504F0004040B138A2802121
:1058B00001A8FAF71FFD01A800F01CF9012515B990
:1058C0003BA000F017F90448406A40F0807002499C
:1058D000486221B030BD0000001002405B524553C9
:1058E00045545D20496E646570656E64656E742014
:1058F0005761746368646F672074696D656F757450
:105900000D0A00005B52455345545D2057696E6493
:105910006F77205761746368646F672074696D6581
:105920006F75740D0A0000005B52455345545D20AD
:10593000506F7765722D6F6E2F506F7765722D6483
:105940006F776E2072657365740D0A005B52455364
:1059500045545D2045787465726E616C204E5253DB
:10596000542070696E2072657365740D0A00000022
:105970005B52455345545D20536F66747761726581
:1059800020726573657420284E564943290D0A001C
:105990005B52455345545D204C6F772D706F776592
:1059A00072206D6F64652072657365740D0A000066
:1059B0005B52455345545D20466972737420706F85
:1059C0007765722D6F6E20286E6F20726573657417
:1059D00020666C616773290D0A00000010B5FFF79F
:1059E000FDFE10BDF0B587B004460D4616461F46B5
:1059F0001CB115B10FB1842E02D1002007B0F0BD4B
:105A00001C2207496846FAF7E2FD00940195ADF8BB
:105A1000086004970021684600F0BCFFEEE7000034
:105A2000D48E000810B500F0D3FA68B902200949F5
:105A3000087009A000F05EF836220FA10520FDF7DE
:105A4000E5FBFDF71FFC10BDFFF7ECFE00F0F4F8DE
:105A500000BFF8E7EC0000204552523A20696E760C
:105A6000616C69642073797374656D20636F6E6611
:105A700069670D0A000000002E2E5C4170705C53B7
:105A8000797374656D5C5372635C73797374656D5F
:105A90005F6374726C2E630010B5044614B1204627
:105AA00000F0A7FF10BD000088B00948037809A2E4
:105AB00020216846FAF71EFC0446002C02DD6846E9
:105AC000FDF7FCFB72B60120FEF75CFF00BFFEE7AE
:105AD000DC000020534146455F4D4F44455F454E35
:105AE0005445523A204552525F545950453D257510
:105AF0000D0A000010B5044604B910BD204600F0A0
:105B0000BBFB00BFF9E7000010B504460CB900204C
:105B100010BD0BA12046FAF7BBFD08B90A48F7E70C
:105B20000AA12046FAF7B4FD08B90A48F0E70AA12D
:105B30002046FAF7ADFD08B90948E9E70020E7E794
:105B40004445564943450000ED000020554152545C
:105B500000000000EE0000204D6F6E69746F72004F
:105B6000EF00002010B504460CB9002010BD0BA1B9
:105B70002046FAF78DFD08B95020F7E709A1204625
:105B8000FAF786FD08B96220F0E708A12046FAF787
:105B90007FFD08B93020E9E70020E7E74445564992
:105BA0004345000055415254000000004D6F6E699E
:105BB000746F7200044672B6184804700A2C06D23C
:105BC000174850F82400401C154941F8240023E0F0
:105BD000201F06281BD2DFE800F0031A0A0E121657
:105BE0000120FEF7CFFE0F48FCF774FE13E0012002
:105BF000FCF73CFE0FE00220FCF738FE0BE0032030
:105C0000FCF734FE07E00420FCF730FE03E005203B
:105C1000FCF72CFE00BF00BFDAE70000DC0000202C
:105C2000F4210020A0BB0D0010B50248FDF7ADFD2A
:105C300010BD00001C22002010B50B480B49086065
:105C40000620486040F20D3108488160FDF76CFD88
:105C500040B14FF4DD7206A10520FDF7D7FA0CA084
:105C6000FFF748FF10BD0000003000401C2200205C
:105C70002E2E5C4170705C53797374656D5C537249
:105C8000635C73797374656D5F6374726C2E63000B
:105C90004552523A204957444720696E697420663C
:105CA00061696C65640D0A002DE9F84306460F46EC
:105CB0004FF00008002500240EB9BDE8F8833046F7
:105CC000FFF722FF044667B90CB10020207033466D
:105CD00020A250212948FAF70DFB284800F096F839
:105CE000EBE7384601F09AFA80463046FFF73AFF74
:105CF0000546334622A250212048CDF80080FAF70D
:105D0000F9FA1E4800F082F89DB1A84511D814B1E7
:105D1000207800B1D1E70CB101202070334620A2D9
:105D2000502116480095FAF7E5FA144800F06EF88D
:105D30000EE06CB1207858B100202070334626A2C6
:105D400050210E480095FAF7D5FA0C4800F05EF89D
:105D500000BFB2E7257320537461636B20576174F1
:105D600065726D61726B3A20696E76616C69642050
:105D700068616E646C650D0A000000002822002036
:105D8000257320537461636B2057617465726D6174
:105D9000726B3A20257520776F7264730D0A0000CC
:105DA0003D3D3D3D3D5741524E3D3D3D3D3D3A20FF
:105DB000257320737461636B206C6F772077617437
:105DC00065726D61726B203C3D20257520776F7286
:105DD00064730D0A0A000000494E464F3A202573AD
:105DE00020737461636B2077617465726D61726B8F
:105DF000207265636F76657265642061626F766597
:105E000020257520776F7264730D0A0000B9704702
:105E100000BFFCE730B589B00446234607A2202125
:105E200001A8FAF767FA0546002D02DD01A8FDF783
:105E300045FA0120FEF7A6FD09B030BD53414645A5
:105E4000204D4F44453A2025750D0A0010B53048C5
:105E5000006898B9F02300222E492FA0FFF7C2FD59
:105E60002B4908600846006840B903202D49087096
:105E70002DA0FFF73FFE2B48007810BD3348006887
:105E8000D0B964230222324932A0FFF7ABFD2F497B
:105E900008600846006878B904202249087030A0DC
:105EA000FFF728FE1A480068FFF7F6FD00201849A2
:105EB00008601C480078E0E734480068002821D1D9
:105EC0007323421E324933A0FFF78CFD2F4908602F
:105ED00008460068B0B905201249087031A0FFF7E4
:105EE00009FE0B480068FFF7D7FD0020084908604D
:105EF00016480068FFF7D0FD0020144908600948E3
:105F00000078BAE700200749087008460078B4E72F
:105F1000E0000020155600084465766963655F540B
:105F200061736B00EC0000204552523A20637265A9
:105F3000617465204445564943455F5461736B2045
:105F40006661696C65640D0A00000000E4000020D1
:105F50002D570008554152545F5461736B00000087
:105F60004552523A2063726561746520554152541E
:105F70005F5461736B206661696C65642C20726F7D
:105F80006C6C6261636B0D0A00000000E800002089
:105F9000995600084D6F6E69746F725F5461736B30
:105FA000000000004552523A20637265617465201A
:105FB0004D6F6E69746F725F5461736B20666169B7
:105FC0006C65642C20726F6C6C6261636B0D0A00EF
:105FD0000120704710B502681C4B984208D0B0F100
:105FE000804F05D01A4B984202D01A4B984203D1E9
:105FF00022F070024B681A43144B984208D0B0F15B
:10600000804F05D0124B984202D0124B984203D1D8
:1060100022F44072CB681A4322F080034C6943EAB1
:10602000040202608B68C3620B688362074B98426C
:1060300001D10B69036301234361036903F0010389
:106040001BB1036923F00103036110BD002C014063
:10605000000400400008004030B501F01F05012495
:1060600004FA05F3046A9C430462046A01F01F0504
:1060700002FA05F52C43046230BD000030B5026A17
:10608000056A25F0010505624368846924F07004FF
:1060900024F003040D682C4322F002028D682A4389
:1060A0000D4DA84206D100BF22F00802CD682A4358
:1060B00022F00402084DA84207D123F4807323F490
:1060C00000734D692B438D692B43436084614D6898
:1060D0004563026230BD0000002C014030B5026A09
:1060E000056A25F0100505624368846924F4E044DC
:1060F00024F440740D6844EA052422F020028D68DF
:1061000042EA05120E4DA84207D100BF22F08002DC
:10611000CD6842EA051222F04002094DA84209D199
:1061200023F4806323F400634D6943EA85038D699A
:1061300043EA8503436084614D688563026230BD34
:10614000002C014030B5026A056A25F480750562AD
:106150004368C46924F0700424F003040D682C43E0
:1061600022F400728D6842EA05220F4DA84207D141
:1061700000BF22F40062CD6842EA052222F4806268
:10618000094DA84209D123F4805323F400534D69EB
:1061900043EA05138D6943EA05134360C4614D6802
:1061A000C563026230BD0000002C014030B5036AB7
:1061B000056A25F4805505624468C26922F4E0420C
:1061C00022F440720D6842EA052223F400538D68E0
:1061D00043EA0533064DA84204D124F480444D69B6
:1061E00044EA85144460C2614D680564036230BDB1
:1061F000002C01401CB50948006800B11CBD02F02C
:1062000073F8022808D1002000900190684600F041
:1062100057FB0249086000BF00BFEFE708010020FC
:106220002DE9F04104460D46164604B115B900208B
:10623000BDE8F081FFF7DEFF0E48006828B932465E
:1062400029462046FCF702F8F2E731460948006883
:1062500000F06CFB08B10020EAE7324629462046F0
:10626000FBF7F4FF07460348006800F037FB3846A9
:10627000DEE700000801002010B504460CB900203C
:1062800010BD00F01BF80C48006820B92046FBF751
:10629000FDFF0120F4E714210748006800F046FBE9
:1062A00008B10020ECE72046FBF7F0FF0248006849
:1062B00000F014FB0120E3E70C0100201CB50948A5
:1062C000006800B11CBD02F00FF8022808D10020C0
:1062D00000900190684600F0F3FA0249086000BFA0
:1062E00000BFEFE70C01002070B505466C6A002086
:1062F000E085E0842046FEF70DF870BD10B5FFF78D
:1063000079FFFFF7DBFF012010BD10B5FCF78AF91C
:1063100010BD2DE9F04106460F46144606B117B9E7
:106320000020BDE8F081FDF7F9F905464CB9FCF70E
:1063300079F920B139463046FCF77CF9F1E70020C5
:10634000EFE70AE0FCF76EF920B139463046FCF77A
:1063500071F9E6E7012000F098FAFDF7DFF9401B3C
:10636000A042EFD90020DCE700BF00BF02680C327A
:1063700052E8002F22F4907102680C3242E80013B8
:10638000002BF3D100BF00BF00BF0268143252E8F7
:10639000002F22F001010268143242E80013002BA2
:1063A000F3D100BF016B01290ED100BF00BF02680D
:1063B0000C3252E8002F22F0100102680C3242E841
:1063C0000013002BF3D100BF202180F842100021E0
:1063D0000163704710B504462068C06820F0400093
:1063E0002168C860202084F841002046FEF71FFA8B
:1063F000002010BDF8B5044694F84200222875D15B
:10640000A068B0F5805F0CD1206950B90025A66A5C
:1064100020684068C0F308003080A06A801CA06239
:1064200015E0A56A0026A068B0F5805F03D0A068DB
:1064300028B9206918B920684068287004E02068ED
:10644000406800F07F002870A06A401CA062E08DC8
:10645000401E80B2E085002846D12068C06820F048
:1064600020002168C8602068C06820F4807021681E
:10647000C8602068406920F0010021684861202040
:1064800084F8420000206063206B012826D10020A0
:10649000206300BF00BF21680C3151E8001F21F0CC
:1064A000100021680C3141E80002002AF3D100BF3E
:1064B0002068006800F0100010280AD100BF0020FA
:1064C000009020680068009020684068009000BF3D
:1064D00000BFA18D2046FDF7BBFE02E02046FEF77F
:1064E000EDF80020F8BD01E00020FBE70220F9E70D
:1064F00070B504462168096921F44051E2681143EE
:10650000226811612269A1681143626941EA0205AA
:106510002168C96841F20C62914329432268D16025
:106520002168496921F44071A269114322685161CF
:106530002D4A2168914202D1FDF7D6FA01E0FDF71C
:10654000C3FA00EBC00101EB001162689200B1FBDD
:10655000F2F100EBC00202EB001263689B00B2FB99
:10656000F3F26423B2FBF3F202EBC20303EB021279
:10657000A1EB8201322202EB01116422B1FBF2F1A4
:1065800001F0F00100EBC00202EB001263689B0017
:10659000B2FBF3F26423B2FBF3F201EB021200EB65
:1065A000C00101EB001163689B00B1FBF3F100EB4C
:1065B000C00303EB00136668B600B3FBF6F3642672
:1065C000B3FBF6F303EBC30606EB0313A1EB830166
:1065D000322303EB01116423B1FBF3F101F00F014E
:1065E00011442268916070BD0038014010B5034627
:1065F00099629A85DA8500205864222083F8420047
:10660000186928B11868C06840F480701C68E060A0
:106610001868406940F001001C6860611868C06833
:1066200040F020001C68E060002010BD014691F899
:106630004100212828D18868B0F5805F0BD1086916
:1066400048B90A6A1088C0F308000B685860086AE5
:10665000801C086205E00B6A581C086218780B68F9
:106660005860C88C401E80B2C88458B90868C06899
:1066700020F080000B68D8600868C06840F04000D7
:106680000B68D860002070470220FCE72DE9F84332
:1066900004460D4617469846089E31E0701C70B3BC
:1066A000FDF73CF8A0EB0800B04200D816B9032073
:1066B000BDE8F8832068C06800F00400F8B1802DC0
:1066C0001ED0402D1CD020680068C0F3C000B0B1BF
:1066D00000BF00200090206800680090206840689B
:1066E000009000BF00BF2046FFF73EFE0820606418
:1066F00000BF002084F8400000BF0120D8E7FFE77A
:10670000206800682840A84201D1012000E0002054
:10671000B842C3D00020CBE710B5FBF703FF10BD94
:1067200008B505494143009100E000BF00994A1EA9
:1067300000920029F9D108BDA00901008B2204A113
:106740000920FCF763FD0920FFF734FA00BFFEE7DC
:106750002E2E2F436F72652F5372632F73746D3318
:1067600032663178785F69742E630000490050EA20
:10677000C12018BF04204A0D18BF40F0010040F2AC
:10678000FF72B2EB515F08BF40F00200012808BF62
:106790000520704702480068C0F3022070470000DF
:1067A0000CED00E010B5002804DB0A07130E054AC3
:1067B000135406E00A07140E034A00F00F031B1FD0
:1067C000D45410BD00E400E018ED00E030380A2891
:1067D00001D2012070470020704738B5044601F00F
:1067E00083FD02280AD14FF47A7060434FF47A7126
:1067F000B0FBF1F5284600F06BFE0BE042F6E060DE
:106800006043009000E000BF0098411E0091002806
:10681000F9D100BF38BD00BFEFF3058008B10120FA
:1068200070470020FCE7000010B5FCF7C1FFFEF741
:10683000A1FFFBF789FBFBF7C5FEFBF7C7FBFEF7E4
:106840000FF8FFF7EFF8FEF717FAFFF7FFFA30B18E
:106850002C2205A10520FCF7D9FCFCF713FD00F064
:1068600020F8002010BD00002E2E2F436F72652FE0
:106870005372632F6D61696E2E6300000146002024
:10688000842901D0CA1C1044704770B504462546BF
:106890000DB1294600E00121084600F019FE002054
:1068A00070BD10B500F05CFF002010BD10B5FFF703
:1068B000B2FF10B101F02EFD10BD01F025FDFBE788
:1068C00010B50446606820B10120616801F0B1F89C
:1068D00010BD012001F09CF8FAE7000038B504462D
:1068E000002500200090FFF796FF90B169462046F2
:1068F00001F072FA012801D0FF2038BD009888B15C
:106900004FF0805008490860BFF34F8FBFF36F8F7F
:1069100008E000231A461946204601F089F90128AB
:1069200000D0FF252846E8E704ED00E0F8B506466C
:106930000C46002000900EB98020F8BD0025601C98
:1069400008B96D1E03E014B1254605B90125FFF70E
:1069500062FF98B16A460021304601F0ADFA012885
:1069600001D0FF20E9E7009880B14FF0805008493E
:106970000860BFF34F8FBFF36F8F07E029463046A3
:1069800001F000FB012801D0FF20D6E70020D4E76A
:1069900004ED00E07FB504460D46606998B1A0693A
:1069A00088B1B4F90800FFF769FF0646D4E905107D
:1069B000CDE9006102902B462269D4E9001001F074
:1069C00035FC039013E0B4F90800FFF757FF0646C3
:1069D00003A8CDE90060238A9AB22B46D4E90010BF
:1069E00001F0F2FB012802D0002004B070BD039832
:1069F000FBE710B50446204600F098FD002010BDCE
:106A00002DE9F04105460E461C4807681C48006801
:106A1000001D00F0EFFB50B91948006890F82C10E9
:106A20000120884017490968814316480160681CA5
:106A300038B936B112480168091D134800F052FCFC
:106A40001AE07C190E4800684460BC4207D20C482A
:106A50000168091D0D48006800F02AFC0CE0084898
:106A60000168091D0A48006800F022FC0948006816
:106A7000844201D207480460BDE8F0812400002070
:106A800010000020280000207404002018000020BE
:106A9000140000204000002010B5044600F02EFC39
:106AA00024480068401C234908602348006840B916
:106AB000214804600846006801280DD100F0C8F99B
:106AC0000AE01E48006838B91B480068C06AE16ADD
:106AD000884201D81848046019480068401C1849C9
:106AE000086008460068606494F82C100120884013
:106AF00014490968084313490860E16A01EB810100
:106B0000114A02EB8100211D00F0ECFB00F020FC9B
:106B10000A48006868B108480068C06AE16A8842AB
:106B200007D24FF0805009490860BFF34F8FBFF381
:106B30006F8F10BD20000020100000202C000020CE
:106B40003C000020280000209803002004ED00E015
:106B500010B516E000F0D2FB0C48C068C468201DD8
:106B600000F048FB0A480068401E094908600948CF
:106B70000068401E0749086000F0EAFB204600F06C
:106B80005FF8044800680028E4D110BD60040020CC
:106B9000200000201C00002070B504460D46206C2B
:106BA00070B1216CE0680144E160D4E902108842D0
:106BB00001D32168E1602846226CE168F9F7C2FC44
:106BC00070BD2DE9F04104460F4615464FF0000810
:106BD000A66B206C48B9206800282CD1A06801F071
:106BE00047FC80460020A06025E07DB93946226C34
:106BF0006068F9F7A7FC216C606808446060D4E91C
:106C00000101884217D32068606014E03946226C85
:106C1000E068F9F797FC216CE068411AE1602168AF
:106C2000E068884203D2216CA068411AE160022D1D
:106C300001D106B1761E701CA0634046BDE8F0810C
:106C400010B5044694F8590030B9206B00F09EFB53
:106C5000204600F09BFB1AE094F85900012803D16C
:106C6000204600F093FB12E094F85900022801D16D
:106C7000012000E0002050B900BF502080F31188AF
:106C8000BFF34F8FBFF36F8F00BF00BFFEE710BD94
:106C900001464A6A22B10A6B1268C2F1070000E09D
:106CA0000020704730B54FF4C053174800F0070478
:106CB0002CB1C01D20F00700134C041B1B1B024607
:106CC000124C22600024114D6C60D018083820F05E
:106CD00007000F4C206000240D4D2D686C600C4D9A
:106CE0002D682C601146441A4C60094C24680C60D5
:106CF000084D4C682C60084D4C682C604FF00044E7
:106D0000064D2C6030BD0000880400204C0000209F
:106D1000540000205C000020580000206800002083
:106D200000BFFFF715FF064800680128F9D94FF0AA
:106D3000805004490860BFF34F8FBFF36F8FF0E7B7
:106D40009803002004ED00E010B5044654B1002083
:106D5000A06020600021E16000231A461946204609
:106D600000F066FF10BD2DE9F04106460D461746BE
:106D70009846069C0DB9246000E02760E663256410
:106D80000121204600F008FF84F84C80BDE8F08126
:106D90002DE9F05F82460E4690469B460A9F0C9C6A
:106DA0004FEA8801A522206BF9F743FCA8F1010006
:106DB000216B01EB800929F0070909F0070008B9E8
:106DC000012000E0002050B900BF502080F311885E
:106DD000BFF34F8FBFF36F8F00BF00BFFEE786B1D9
:106DE000002507E0715D04F134004155705D00B984
:106DF00002E06D1C102DF5D300BF0021432001558A
:106E000002E0002084F83400072F00D30627E76251
:106E1000E76400202065201D00F047FA04F1180007
:106E200000F043FA2461C7F10700A061646200200A
:106E3000606584F858005A465146484600F0C8F943
:106E400020600B9808B10B980460BDE8F09F00002B
:106E500010B5002407E004EB84010F4A02EB810027
:106E600000F016FA641C072CF5D30C4800F010FA59
:106E70000B4800F00DFA0B4800F00AFA0A4800F03F
:106E800007FA0A4800F004FA04480949086004486F
:106E90000849086010BD0000980300202404002069
:106EA000380400204C0400206004002074040020FA
:106EB000140000201800002010B50146164800E01C
:106EC000006803688B42FBD30246436813448B423D
:106ED00004D143684C682344436001460A464B682A
:106EE00013440468A34211D10C4C03682468A342E4
:106EF00008D04B680468646823444B6003681B68CF
:106F00000B6005E0054B1B680B6001E003680B603C
:106F1000884200D0016010BD4C00002054000020C9
:106F200070B5054600F0EAF9A86B08B9012400E045
:106F3000002400F00DFA204670BD70B5054600F043
:106F4000DDF9A86BE96B884201D1012400E000243F
:106F500000F0FEF9204670BD0A490968096809B9C0
:106F6000012100E0002121B14FF0FF31064A1160FC
:106F700006E004490968C968C868034A41681160A5
:106F8000704700001400002040000020024600214D
:106F900001E0521C491C1078A528FAD0890888B253
:106FA000704700000E480068401C08B9012000E04E
:106FB000002050B900BF502080F31188BFF34F8FDD
:106FC000BFF36F8F00BF00BFFEE700BF502080F30C
:106FD0001188BFF34F8FBFF36F8F00BF00BFFEE775
:106FE0006C00002070B5044600F088F994F9455013
:106FF00010E0606A08B9012000E0002038B904F10F
:10700000240001F0F5FA18B100F016FB00E003E0EF
:10701000681E45B2002DECDC00BFFF2084F845005F
:1070200000F096F900F06AF994F9445010E02069F4
:1070300008B9012000E0002048B904F1100001F077
:10704000D7FA08B100F0F8FA681E45B200E001E096
:10705000002DECDC00BFFF2084F8440000F078F93C
:1070600070BD00002DE9F04104464FF0000800F02B
:10707000CFFB4948006808B9FFF714FE474800688D
:107080002040002870D1D4B1083404F00700B0B11A
:1070900004F00700C0F10800044404F0070008B938
:1070A000012000E0002050B900BF502080F311887B
:1070B000BFF34F8FBFF36F8F00BF00BFFEE7002C01
:1070C00052D03748006884424ED8364E3046056864
:1070D00001E02E462D686868A04202D22868002888
:1070E000F7D12D48006885423ED0306800F108088D
:1070F000286830606868001B102819D92F1907F01C
:10710000070008B9012000E0002050B900BF50205E
:1071100080F31188BFF34F8FBFF36F8F00BF00BFA5
:10712000FEE76868001B78606C603846FFF7C4FEB5
:107130001B4968680968081A194908600846006808
:1071400019490968884203D2154800681649086041
:10715000124968680968084368600020286013487D
:107160000068401C1149086001F08EFA08F0070021
:1071700008B9012000E0002050B900BF502080F382
:107180001188BFF34F8FBFF36F8F00BF00BFFEE7C3
:107190004046BDE8F0810000540000206800002057
:1071A000580000204C0000205C00002060000020FF
:1071B0000648006830B10549096801F15000096DC1
:1071C000491C016001480068704700001000002061
:1071D000001F4FF080730360001F21F00103036064
:1071E000001F034B03601438026020387047000012
:1071F000A56F000801460A69D1E901309860D1E91C
:10720000010358605068884201D1886850600020AE
:1072100008611068401E1060106870472DE9F04149
:10722000044614B90648006800E0204607463D6B56
:107230002846FFF7ABFE06463046BDE8F081000069
:1072400010000020034B0360034B0B60802313608E
:10725000704700003C01002098010020252203A176
:107260000420FBF7D3FF0420FEF7A4FC2E2E5C4184
:1072700070705C53797374656D5C5372635C657296
:10728000726F725F68616E646C65722E63000000DD
:1072900000F1080141604FF0FF31816000F1080109
:1072A000C1600161002101607047002101617047E8
:1072B00010B502460B685C1C0CB9106907E002F1BE
:1072C000080000E04068446824689C42FAD9446899
:1072D0004C604C68A160886041600A611468641C5D
:1072E000146010BD42684A6093688B60936859606F
:1072F0009160086103685B1C0360704700BF502009
:1073000080F31188BFF34F8FBFF36F8F00BF0E481C
:107310000068401C0C49086008460068012812D12A
:107320000A480068C0B208B9012000E0002050B946
:1073300000BF502080F31188BFF34F8FBFF36F8FD2
:1073400000BF00BFFEE770476C00002004ED00E0C6
:107350000D48006850B900BF502080F31188BFF37A
:107360004F8FBFF36F8F00BF00BFFEE70648006876
:10737000401E054908600846006820B9002080F3D7
:10738000118800BF00BF70476C00002070B5064632
:107390003546002E44D0083D2C46224960680968D5
:1073A000084008B1012000E0002050B900BF502083
:1073B00080F31188BFF34F8FBFF36F8F00BF00BF03
:1073C000FEE7206808B9012000E0002050B900BFA6
:1073D000502080F31188BFF34F8FBFF36F8F00BF32
:1073E00000BFFEE70F49606809680840C0B1206827
:1073F000B0B90C49606809688843606000F008FA19
:107400000949606809680844074908602046FFF791
:1074100053FD06480068401C0449086001F034F937
:1074200070BD0000680000205800002064000020AB
:1074300000204FF0E02108618861064800684FF4A1
:107440007A71B0FBF1F0401E4FF0E0214861072057
:10745000086170470C00002070B5F8F703FF044680
:10746000102C16D304F1E02090F8F0531548007862
:10747000854201DB012000E0002050B900BF502010
:1074800080F31188BFF34F8FBFF36F8F00BF00BF32
:10749000FEE70D48006800F4E0600C490968884286
:1074A00001D8012000E0002050B900BF502080F337
:1074B0001188BFF34F8FBFF36F8F00BF00BFFEE790
:1074C00070BD0000700000200CED00E07400002092
:1074D00070B504460025D4B11248006808B90120EF
:1074E00000E0002050B900BF502080F31188BFF3A6
:1074F0004F8FBFF36F8F00BF00BFFEE700F088F92A
:1075000000212046FFF77CFA01F0BEF805463DB9A0
:107510004FF0805004490860BFF34F8FBFF36F8F67
:1075200070BD00004800002004ED00E070B5054685
:10753000FFF7E4FE15B93048006800E0284604462D
:10754000201DFFF757FE78B9E06A00EB80002B4959
:1075500051F8200040B994F82C10012088402849A7
:107560000968814326480160A06A18B104F1180037
:10757000FFF740FE23480068401C224908601E486F
:107580000068844209D1211D1F48FFF7ABFE1F4848
:107590000068401C1D49086009E01D480068401E45
:1075A0001B4908602046FFF74BFBFFF7D5FCFFF7B0
:1075B000CFFE18480068E8B10F480068844219D12E
:1075C0001548006808B9012000E0002050B900BF4C
:1075D000502080F31188BFF34F8FBFF36F8F00BF30
:1075E00000BFFEE74FF080500C490860BFF34F8F9B
:1075F000BFF36F8F70BD00001000002098030020C3
:10760000280000203C000020600400201C00002016
:10761000200000202C0000204800002004ED00E0A5
:107620000349096801600349096841607047000027
:107630003800002024000020012001490860704724
:107640003400002070B504460D4654B900BF5020E8
:1076500080F31188BFF34F8FBFF36F8F00BF00BF60
:10766000FEE70548016818312046FFF721FE012199
:107670002846FFF7C5F970BD100000202DE9F0473E
:1076800006460F4634464FF00109002E60D0206DAB
:1076900050B900BF502080F31188BFF34F8FBFF364
:1076A0006F8F00BF00BFFEE7E06CB84201D23D46DD
:1076B00000E0E56CE06AA8424AD0206D012847D17D
:1076C00024480068844201D0012000E0002050B925
:1076D00000BF502080F31188BFF34F8FBFF36F8F2F
:1076E00000BF00BFFEE7D4F82C80E562A06900F07F
:1076F000004010B9C5F10700A06108EB8801164AE7
:1077000002EB81016069884201D1012000E0002084
:10771000F0B1201DFFF76EFD40B994F82C10012048
:1077200088400E49096881430C48016094F82C1088
:107730000120884009490968084308490860E16A4E
:1077400001EB8101044A02EB8100211DFFF7CAFD14
:10775000BDE8F087100000209803002028000020DA
:1077600010B586B000200590049003AA04A905A8CE
:10777000FFF768FD0022DDE904101346CDE9002182
:1077800002901CA11D48039A00F050FD1C4908609E
:107790000846006808B1012400E00024012C15D13E
:1077A00000BF502080F31188BFF34F8FBFF36F8F5E
:1077B00000BF4FF0FF3013490860012012490860F4
:1077C00000201249086000F08DF810E0601C08B13C
:1077D000012000E0002050B900BF502080F3118844
:1077E000BFF34F8FBFF36F8F00BF00BFFEE706B040
:1077F00010BD000049444C4500000000216D000808
:1078000044000020400000202C0000202400002024
:1078100002480068401C0149086070474800002089
:1078200070B52B48006818B101202A4908604DE066
:1078300000202849086028480068046B4FF0A535EF
:107840002068B0F1A53F0BD16068B0F1A53F07D12A
:10785000A068B0F1A53F03D1E068B0F1A53F05D025
:107860001D48016834310068FFF7F8FC1B480068C8
:10787000B0FA80F0C0F11F0101EB8100184A52F804
:10788000200008B1012000E0002050B900BF5020C6
:1078900080F31188BFF34F8FBFF36F8F00BF00BF1E
:1078A000FEE701EB81020E4B03EB82004268526857
:1078B000426000F108024368934202D14268526874
:1078C00042604268D268044B1A6000BF70BD00007D
:1078D0004800002034000020100000202800002074
:1078E000980300201CB53849084600780190FF2015
:1078F0000A4610700846007800909DF8000000F0DD
:10790000F0009DF80020904201D1012000E000200D
:1079100050B900BF502080F31188BFF34F8FBFF3E1
:107920006F8F00BF00BFFEE79DF8000000F0500021
:10793000264A10700720264A106009E02448006893
:10794000401E234A10609DF800004006000E009083
:107950009DF8000000F080008028EFD01C480068EF
:10796000C0F10700042801D1012000E0002050B937
:1079700000BF502080F31188BFF34F8FBFF36F8F8C
:1079800000BF00BFFEE7124800680002104A106006
:107990001046008800F4E06010600B4A01981070F7
:1079A0000C48006840F470000A4908600846006806
:1079B00040F070400860FFF73BFD0020064908607A
:1079C000F8F71AFC00201CBD00E400E07000002065
:1079D0007400002020ED00E06C00002010B500BF16
:1079E000502080F31188BFF34F8FBFF36F8F00BF1C
:1079F00000F09AFC18B14FF080500449086000BFB5
:107A0000002080F3118800BF10BD000004ED00E0ED
:107A10002DE9F041044601260027224600210120DD
:107A200000F01CF805462846FFF78EF92846BDE809
:107A3000F0812DE9F84304460D4601274FF0000878
:107A40002B46002211460120009400F034F806462F
:107A50003046FFF779F93046BDE8F8832DE9F84361
:107A600005460E4617460DB1012000E0002050B932
:107A700000BF502080F31188BFF34F8FBFF36F8F8B
:107A800000BF00BFFEE705FB06F808F15000FFF756
:107A9000E9FA044664B1A14609F15009002084F8CE
:107AA00046003B464A46314628460094FFF75BF9BC
:107AB0002046BDE8F8832DE9F84380460E46174678
:107AC0001D46DDF82090B8F1000F01D0012000E044
:107AD000002050B900BF502080F31188BFF34F8FB2
:107AE000BFF36F8F00BF00BFFEE70DB1012000E0C4
:107AF000002050B900BF502080F31188BFF34F8F92
:107B0000BFF36F8F00BF00BFFEE707B10EB10120CA
:107B100000E0002050B900BF502080F31188BFF36F
:107B20004F8FBFF36F8F00BF00BFFEE707B90EB9DD
:107B3000012000E0002050B900BF502080F31188E0
:107B4000BFF34F8FBFF36F8F00BF00BFFEE7502022
:107B500000900098502801D1012000E0002050B989
:107B600000BF502080F31188BFF34F8FBFF36F8F9A
:107B700000BF00BFFEE700BF2C464CB1012084F8D7
:107B800046004B463A46314640460094FFF7EBF834
:107B90002046BDE8F883000070B505460E462C4629
:107BA00054B900BF502080F31188BFF34F8FBFF34B
:107BB0006F8F00BF00BFFEE7FFF7A0FBD4E90F12F5
:107BC000206801FB0200A0600020A06320686060C4
:107BD000E06B401E226C216800FB0211E160FF2077
:107BE00084F8440084F845009EB9206908B9012052
:107BF00000E00020A8B904F1100000F0F9FC80B109
:107C00004FF0805009490860BFF34F8FBFF36F8F6B
:107C100007E004F11000FFF73BFB04F12400FFF73D
:107C200037FBFFF795FB012070BD000004ED00E07D
:107C30002DE9FF4383B0064688461D464FF00009F4
:107C4000344654B900BF502080F31188BFF34F8FE2
:107C5000BFF36F8F00BF00BFFEE7B8F1000F01D187
:107C6000206C08B9012000E0002050B900BF50206E
:107C700080F31188BFF34F8FBFF36F8F00BF00BF3A
:107C8000FEE7022D02D1E06B012801D1012000E0C6
:107C9000002050B900BF502080F31188BFF34F8FF0
:107CA000BFF36F8F00BF00BFFEE700F01DFB08B9F8
:107CB000059808B9012000E0002050B900BF50200D
:107CC00080F31188BFF34F8FBFF36F8F00BF00BFEA
:107CD000FEE700BFFFF712FBA06BE16B884201D308
:107CE000022D28D12A4641462046FEF76AFF074664
:107CF000606A08B9012000E0002068B904F124009E
:107D000000F076FC88B14FF0805032490860BFF334
:107D10004F8FBFF36F8F08E03FB14FF080502D4978
:107D20000860BFF34F8FBFF36F8FFFF711FB012088
:107D300007B0BDE8F083059818B9FFF709FB0020EC
:107D4000F6E7B9F1000F04D101A8FFF769FC4FF085
:107D50000109FFF7FDFAFFF75BFDFFF7CFFA94F992
:107D60004400401C10B9002084F8440094F94500F8
:107D7000401C10B9002084F84500FFF7E9FA05A976
:107D800001A800F0DBF9F0B92046FFF7D6F8A0B162
:107D900004F110000599FFF755FC2046FFF722F982
:107DA00000F072FC002895D14FF08050094908601E
:107DB000BFF34F8FBFF36F8F8CE72046FFF712F9A9
:107DC00000F062FC86E72046FFF70CF900F05CFC4F
:107DD0000020ADE704ED00E02DE9F04706460F4630
:107DE000344654B900BF502080F31188BFF34F8F41
:107DF000BFF36F8F00BF00BFFEE7206C08B9012002
:107E000000E0002050B900BF502080F31188BFF37C
:107E10004F8FBFF36F8F00BF00BFFEE7206808B928
:107E2000A06808B9012000E0002050B900BF502030
:107E300080F31188BFF34F8FBFF36F8F00BF00BF78
:107E4000FEE7FFF709FB00BF5021EFF3118081F33C
:107E50001188BFF34F8FBFF36F8F00BF0546D4F873
:107E60003890E06B48451ED994F945A009F101000E
:107E7000A0630AF1010070B9606A08B9012000E04E
:107E8000002068B904F1240000F0B2FB40B13FB11A
:107E90000120386004E00AF1010040B284F8450096
:107EA0004FF0010801E04FF0000800BF85F3118892
:107EB00000BF4046BDE8F0872DE9F05F06468946E1
:107EC0001746344654B900BF502080F31188BFF3E1
:107ED0004F8FBFF36F8F00BF00BFFEE7B9F1000FF8
:107EE00001D1206C08B9012000E0002050B900BF8A
:107EF000502080F31188BFF34F8FBFF36F8F00BF07
:107F000000BFFEE7FFF7A8FA00BF5021EFF3118092
:107F100081F31188BFF34F8FBFF36F8F00BF05460A
:107F2000D4F838A0BAF1000F22D094F944B04946F1
:107F30002046FEF731FEAAF10100A0630BF101001B
:107F400070B9206908B9012000E0002068B904F187
:107F5000100000F04DFB40B13FB10120386004E05B
:107F60000BF1010040B284F844004FF0010801E039
:107F70004FF0000800BF85F3118800BF4046BDE800
:107F8000F09F00002DE9F34182B005464FF0000854
:107F90002C46002654B900BF502080F31188BFF34F
:107FA0004F8FBFF36F8F00BF00BFFEE7206C08B993
:107FB000012000E0002050B900BF502080F311885C
:107FC000BFF34F8FBFF36F8F00BF00BFFEE700F01E
:107FD0008BF908B9039808B9012000E0002050B9D6
:107FE00000BF502080F31188BFF34F8FBFF36F8F16
:107FF00000BF00BFFEE700BFFFF780F9A76BFFB12E
:10800000781EA063206810B9FFF7D2F8A06020693D
:1080100008B9012000E0002060B904F1100000F070
:10802000E7FA38B14FF0805043490860BFF34F8FF3
:10803000BFF36F8FFFF78CF9012004B0BDE8F0812A
:10804000039898B90EB9012000E0002050B900BF94
:10805000502080F31188BFF34F8FBFF36F8F00BFA5
:1080600000BFFEE7FFF774F90020E6E7B8F1000F64
:1080700004D16846FFF7D4FA4FF00108FFF768F91A
:10808000FFF7C6FBFFF73AF994F94400401C10B91A
:10809000002084F8440094F94500401C10B90020E9
:1080A00084F84500FFF754F903A9684600F046F844
:1080B00040BB2046FEF734FFF0B1206838B9FFF727
:1080C0001DF9A06800F038FA0646FFF741F904F1FF
:1080D00024000399FFF7B6FA2046FEF783FF00F06D
:1080E000D3FA002888D14FF0805013490860BFF3BD
:1080F0004F8FBFF36F8F7FE72046FEF773FF00F0CF
:10810000C3FA79E72046FEF76DFF00F0BDFA20467E
:10811000FEF706FF0028EED05EB1FFF7EFF820462D
:10812000FEF7B6FD07463946A068FFF7A7FAFFF746
:108130000FF9002081E7000004ED00E070B505466E
:108140000C4655B900BF502080F31188BFF34F8F04
:10815000BFF36F8F00BF00BFFEE754B900BF5020D0
:1081600080F31188BFF34F8FBFF36F8F00BF00BF45
:10817000FEE7FFF7C3F8124802686868131A206820
:10818000401C08B9002617E00E4928680968884293
:1081900004D06868904201D801260DE0206898421A
:1081A00007D92068C01A20602846FFF739FA002650
:1081B00002E0002020600126FFF7CAF8304670BDBB
:1081C00024000020380000202DE9FF4F85B08046B4
:1081D00089461746DDE912ABB800FEF743FF0646B5
:1081E00056B15C20FEF73EFF04460CB1266304E066
:1081F0003046FFF7CBF800E000248CB1002084F873
:108200005900CDE900ABCDE902403A464946404627
:10821000089BFEF7BDFD2046FEF73EFC012501E070
:108220004FF0FF35284609B0BDE8F08F2DE9F04F3B
:1082300085B00746884691469A46DDE90EB6109C01
:108240000EB1012000E0002050B900BF502080F3A3
:108250001188BFF34F8FBFF36F8F00BF00BFFEE7E2
:108260000CB1012000E0002050B900BF502080F385
:108270001188BFF34F8FBFF36F8F00BF00BFFEE7C2
:108280005C20039003985C2801D1012000E00020CD
:1082900050B900BF502080F31188BFF34F8FBFF358
:1082A0006F8F00BF00BFFEE700BFB4B1AEB125467F
:1082B0002C462E63022085F85900002004A953465D
:1082C0004A46CDE900B1CDE9025041463846FEF7B5
:1082D0005FFD2846FEF7E0FB01E0002004900498D3
:1082E00005B0BDE8F08F00000549096809B9012013
:1082F00005E00449096809B9022000E00020704740
:108300002C00002048000020014908687047000048
:108310002400002070B5FFF79FF80025014804688D
:10832000204670BD240000202DE9F0414FF00008E8
:108330004448006800287CD143480068451C4248F6
:10834000056015BB41480068006808B9012000E0DD
:10835000002050B900BF502080F31188BFF34F8F29
:10836000BFF36F8F00BF00BFFEE73848076838488B
:108370000068364908603648076036480068401C87
:1083800034490860FEF7E8FD00BF334800688542C5
:108390003CD300BF2D480068006808B9012000E008
:1083A000002020B14FF0FF302B4908602DE0274816
:1083B0000068C068C4686668B54202D22648066094
:1083C00023E0201DFEF716FFA06A18B104F1180083
:1083D000FEF710FF94F82C10012088401F4909680F
:1083E00008431E490860E16A01EB81011C4A02EB67
:1083F0008100211DFEF776FF1A49E06A0968C96A03
:108400008842C7D34FF00108C4E700BF1548006891
:10841000C06A00EB8000124951F82000012801D900
:108420004FF001081048006808B14FF0010805E05E
:10843000FFE70E480068401C0C4908604046BDE854
:10844000F0810000480000202400002014000020DB
:1084500018000020380000204000002028000020E4
:10846000980300201000002034000020300000207D
:1084700070B505462C460026002D55D02B480068C7
:10848000844201D1012000E0002050B900BF5020FB
:1084900080F31188BFF34F8FBFF36F8F00BF00BF12
:1084A000FEE7206D50B900BF502080F31188BFF364
:1084B0004F8FBFF36F8F00BF00BFFEE7206D401EE0
:1084C0002065E16CE06A88422ED0206D60BB201DE3
:1084D000FEF790FE78B9E06A00EB8000144951F88D
:1084E000200040B994F82C100120884011490968F7
:1084F000814310480160E06CE062E06AC0F107006F
:10850000A06194F82C10012088400A4909680843AA
:1085100008490860E16A01EB8101054A02EB81002C
:10852000211DFEF7DFFE0126304670BD1000002041
:10853000980300202800002070B505462C46002630
:10854000002D4DD02749E06A0968C96A884240D2A7
:10855000A06900F0004028B922480068C06AC0F154
:108560000700A061E16A01EB81011F4A02EB810172
:108570006069884201D1012000E0002018B3201D6D
:10858000FEF738FE40B994F82C10012088401749B6
:10859000096881431548016012480068C06AE062BA
:1085A00094F82C10012088401049096808430F49AD
:1085B0000860E16A01EB81010B4A02EB8100211D99
:1085C000FEF790FE03E007480068C06AE0620126FB
:1085D00006E00449E06C0968C96A884200D20126B5
:1085E000304670BD100000209803002028000020B5
:1085F00070B50646F068C46854B900BF502080F3D7
:108600001188BFF34F8FBFF36F8F00BF00BFFEE72E
:1086100004F11800FEF7EEFD15480068A8B9201D0A
:10862000FEF7E8FD94F82C100120884011490968F4
:10863000084310490860E16A01EB81010E4A02EB30
:108640008100211DFEF74EFE04E004F118010B48E5
:10865000FEF748FE0A49E06A0968C96A884204D9F7
:10866000012501200749086000E00025284670BD6B
:108670004800002028000020980300204C0400201F
:10868000100000203400002070B500240026364879
:10869000006850B900BF502080F31188BFF34F8F9E
:1086A000BFF36F8F00BF00BFFEE7FEF727FE2E4827
:1086B0000068401E2C4908600846006800284FD119
:1086C0002A48006800284BD024E02948C068C468C4
:1086D00004F11800FEF78EFD201DFEF78BFD94F8C7
:1086E0002C1001208840234909680843214908606B
:1086F000E16A01EB8101204A02EB8100211DFEF7B6
:10870000F1FD1E49E06A0968C96A884202D3012066
:108710001B4908601648006808B9012000E00020E5
:108720000028D2D00CB1FEF717FC1648056865B1D9
:1087300000BFFFF7F9FD10B10120114908606D1E5F
:10874000002DF6D100200F4908600D48006838B1AF
:10875000012630070C490860BFF34F8FBFF36F8FBE
:10876000FEF7F6FD304670BD4800002020000020D6
:108770004C04002028000020980300201000002056
:10878000340000203000002004ED00E010B5002986
:108790000AD00878002807D005487844F7F778FF12
:1087A000002801D0002010BD0248784410BD000010
:1087B0000A080000020800000808A0F500114FEAAE
:1087C0003101704743004FEAD30C4FEA3C0C434061
:1087D0001FBF40070CF1605113F0FE4F70471CF0B3
:1087E000006F03D100200CF0004170470CF00043F3
:1087F00043EA507010B540EACC0000F05CFA00BFCC
:10880000000000924FEA0001FFF7D6BF4FF0004191
:108810004FF00000A1F500217047000090EA010F21
:1088200048BF81F0004100F1CA82421A3CBF801A61
:1088300089184FEAD0524FF07F4C1CEA410FA2EB4F
:10884000D15318BF9CEA026F00F03B804FF0004C00
:108850004CEA00204CEA012121FA03FC10EB0C0C3D
:108860001ED202F1FF325FEA1C2040EBC25038BF3B
:1088700070471CF07F0F4FEA400C18BFBCF17F4FD0
:1088800038BF7047C3F12003994008BF20F00100B2
:10889000BCF17F4F38BF7047A0F1C04000F051BA23
:1088A0004FEA3C00000A40EBC25028BF1CF0FF0F0B
:1088B0004FEA400CE6D018BFBCF17F4F38BF70477D
:1088C000EAE79CEA026F05D010EA5C0F08BF00F0EF
:1088D0000040704710B500F0EEF900BF64FBBE3EEB
:1088E000401058BFC0F14040491058BFC1F140414D
:1088F0008142EFF3008070474FF47F0C1CEAD012E6
:108900001EBF1CEAD11392EA0C0F93EA0C0F00F081
:10891000858090EA010F48BF42F4807240F4000C59
:1089200041F400002CF07F4120F07F4000B58142EF
:10893000A2EB03020FF2081CACEB504EC0F100009A
:108940009EF800E04FEA4E0E00FB0EFC38BF4900D7
:108950004FEA2C1C02F5FA020CFB0EF34FEACE1E76
:108960004FEA112C4FEAC1210EEB635E42EB22422B
:108970000EFB0CFC4FEA1C5300FB03114FEA112CB9
:108980004FEA01310EFB0CFC4FEADC4C00FB0C11F2
:10899000C14228BF09184CEB03335DF804EB10EB20
:1089A000410143EBC250B2F57C0F38BF704729D567
:1089B00012F0F00F1CBF00F1C04000F00040704703
:1089C000008182838485868788898B8C8D8E8F91A8
:1089D0009293959697999A9C9D9FA0A2A3A5A7A8CC
:1089E000AAACAEB0B2B3B5B7B9BCBEC0C2C5C7C9F8
:1089F000CCCED1D4D7D9DCDFE2E6E9ECF0F3F7FA5C
:108A0000FE0000004FEA400C0CF1807CBCF17E4F70
:108A100028BF7047B0F1C04000F093B990EA010F51
:108A20000CEAD11348BF42F48072624538BF6345F7
:108A300007D213F47F0F16D080EA010000F0004047
:108A4000704710B500F037F9097EFC3E00F005B81C
:108A500080EA010000F00040704780EA010000F069
:108A6000004000F06EB912F47F0F04BF0248704757
:108A700080EA010000F065B90000C07F41000B0EE4
:108A8000D3F19E0208D950F400034FEA032323FADE
:108A900002F048BF4042704710B500F00CF900BF2B
:108AA00049922480002070476FF0004282EA200043
:108AB00070470000C10DD1F19E0206DB4FEA002392
:108AC00043F0004323FA02F07047004207D54FEA13
:108AD0004001B1F1FE4F02D24FF00000704710B5D7
:108AE00000F0E9F849922480002070476FEA2000E6
:108AF0007047000010F0004148BF4042B0FA80F3D8
:108B000010FA03F2C3F19D030BD051EAC35101EBFC
:108B10001220530638BF704700F1010008BF20F053
:108B200001007047B0FA80F310FA03F2C3F19D031D
:108B30000AD0D90501EB1220530638BF704700F167
:108B4000010008BF20F001007047000050EA010C4E
:108B500000F113801CF5000F58BFBCF5000F01D4C5
:108B60008842704707D710F5000F58BF11F5000F66
:108B700015D488427047894270471CF5000F04D510
:108B8000BCF5000FF7D5814270474FF0807C1CEB9D
:108B9000400F38BF1CEB410F01D28142704710B526
:108BA00000F089F8922449004FF000504FF08051B6
:108BB000FFF796BE4FF47F0C1CEAD0121EBF1CEAD2
:108BC000D11392EA0C0F93EA0C0F00F0478090EA61
:108BD000010F48BF42F480724FF0004C4CEA002075
:108BE0004CEA012102EB0302A0FB0113A2F50002F3
:108BF000002918BF43F001035B0028BF4FEA33038D
:108C000042EB22425FEA132C4CEBC2502EBFBCEB6E
:108C1000436FB2F57C0F70474FEA036CBCF1004F15
:108C200008BF20F00100B2F57C0F38BF70470BD5AC
:108C300082F0FF0212F5803FC8BF704700F1C040CC
:108C4000D8BF00F00040704700F5000C5FEA4C0C04
:108C500048BF7047B0F1C04000F073B890EA010F10
:108C60000CEAD11348BF42F48072624538BF6345B5
:108C700004D280EA010000F00040704710B500F017
:108C80001AF800BF8900013E00F007B800F009B8EB
:108C90005FEA410C5FEA1C6C08D080EA010000F03A
:108CA00050B85FEA400C5FEA1C6CF6D14FF0004010
:108CB000A0F5800070470EF1020E2EF0030E5EF854
:108CC000044B244204D44FEA4102B2F17F4F11D841
:108CD0004FEA4003B3F17F4F0CD80ED14FEAD07C5E
:108CE000B2F17F4F0CEB4C0C0CF1020C08BF4CEBBB
:108CF000D17C04E04FF0080C01E04FEAD17C0CEB92
:108D00004C0324FA03F404F00704B4F1040C06D273
:108D10000EEB840CBDE810404CF0010C6047DFE81E
:108D20000CF0070802024FF00040A0F5800010BDD3
:108D30000846420018BFD2F1807288BF00F00040A0
:108D400010BDFF2141EAD050C005704751EA000C28
:108D500000F113801CF5000F58BFBCF5000F01D4C3
:108D60008142704707D711F5000F58BF10F5000F6B
:108D700015D481427047894270471CF5000F04D515
:108D8000BCF5000FF7D5884270474FF0807C1CEB94
:108D9000410F38BF1CEB400F01D28842704780EA78
:108DA000010081EA000180EA0100FFF7F8BE00003F
:108DB00090EA010F48BF81F000413FF536AD421AFD
:108DC00004D882F00042A0EB020011444FEAD052D6
:108DD0004FF07F4C1CEA410FA2EBD15318BF9CEA25
:108DE000026F4AD04FF0004C4CEA00204CEA0121BF
:108DF00021FA03FCB0EB0C0C0FD412F0FE0F36D0AE
:108E00005FEA4C001DD5001240EBC25038BF7047DE
:108E10001CF03F0F18BF70470BE0A2F101025FEAA0
:108E20001C2040EBC25038BF70471CF07F0F18BFAA
:108E30007047C3F12003994014BF401E20F0010089
:108E4000704780084FEA122308BF7047B0FA80FCD1
:108E5000A2EB0C02CCF1280C60FA0CF093EA122F72
:108E600004BF00EBC25070474FEAC3707047130A4B
:108E70005FEADC1008BF7047F6E79CEA026F04D097
:108E800010EA5C0F08BF0020704710B5FFF713FF12
:108E900040DFF63E81F000407047F7F7E3BD020384
:108EA0000405060708090A0B0C0D0E0F101001022D
:108EB000000000000000000001020304060708098A
:108EC0000000000001020304000000100020003038
:108ED0000040005000000000000000000000000002
:108EE0000100000000000000000000000000000081
:108EF00002400000000000A000000000054000004B
:108F0000000000C8000000000C4000000000409C71
:108F100000000000194000000020BCBE000000005E
:108F200034400000BFC91B8E00000004B5400000A3
:108F3000504BCFD06607E2CF010000006C4100002B
:108F40003E8251AADFEEA73401000000D9420000A2
:108F5000DCB5A0E23A301F97FFFFFFFFB4450000E9
:108F6000FD25A0C8E9A3C14FFFFFFFFFFF3F0000A1
:108F70000000008000000000FF3F000000000080B3
:108F800000000000C08F0008000000203C0100002D
:108F900028010008DC8F00083C0100209C2900000B
:108FA000640100081C00000043000000F8FFFFFF00
:108FB0000C0000000E0000000F0000002E0000005A
:108FC0005142105201035E127A95AAAAAAAA095721
:0C8FD000181D0020181E0020026637004B
:04000005080000ED02
:00000001FF
